UF,Rodovia,km inicial,km final,Extensão (km),ICMNP
,,,,,
,,,,,
AM,BR-230,"642,6",643,"0,4",65
AM,BR-230,643,644,1,"53,75"
AM,BR-230,644,645,1,"71,25"
AM,BR-230,645,646,1,"77,5"
AM,BR-230,646,647,1,85
AM,BR-230,647,648,1,"92,5"
AM,BR-230,648,649,1,95
AM,BR-230,649,650,1,75
AM,BR-230,650,651,1,"92,5"
AM,BR-230,651,652,1,"71,25"
AM,BR-230,652,653,1,"68,75"
AM,BR-230,653,654,1,"67,5"
AM,BR-230,654,655,1,"11,25"
AM,BR-230,655,656,1,"11,25"
AM,BR-230,656,657,1,"11,25"
AM,BR-230,657,658,1,"11,25"
AM,BR-230,658,659,1,"11,25"
AM,BR-230,659,660,1,"11,25"
AM,BR-230,660,661,1,"11,25"
AM,BR-230,661,662,1,"73,75"
AM,BR-230,662,663,1,"73,75"
AM,BR-230,663,664,1,60
AM,BR-230,664,665,1,"11,25"
AM,BR-230,665,666,1,"11,25"
AM,BR-230,666,667,1,"11,25"
AM,BR-230,667,668,1,"11,25"
AM,BR-230,668,669,1,"11,25"
AM,BR-230,669,670,1,"11,25"
AM,BR-230,670,671,1,"11,25"
AM,BR-230,671,672,1,"11,25"
AM,BR-230,672,673,1,"11,25"
AM,BR-230,673,674,1,"11,25"
AM,BR-230,674,675,1,"11,25"
AM,BR-230,675,676,1,"11,25"
AM,BR-230,676,677,1,"11,25"
AM,BR-230,677,678,1,"11,25"
AM,BR-230,678,679,1,"11,25"
AM,BR-230,679,680,1,"11,25"
AM,BR-230,680,681,1,"11,25"
AM,BR-230,681,682,1,"11,25"
AM,BR-230,682,683,1,"11,25"
AM,BR-230,683,684,1,"63,75"
AM,BR-230,684,685,1,"11,25"
AM,BR-230,685,686,1,"11,25"
AM,BR-230,686,687,1,"11,25"
AM,BR-230,687,688,1,"11,25"
AM,BR-230,688,689,1,"11,25"
AM,BR-230,689,690,1,"11,25"
AM,BR-230,690,691,1,"11,25"
AM,BR-230,691,692,1,"11,25"
AM,BR-230,692,693,1,"11,25"
AM,BR-230,693,694,1,"11,25"
AM,BR-230,694,695,1,"11,25"
AM,BR-230,695,696,1,"11,25"
AM,BR-230,696,697,1,"11,25"
AM,BR-230,697,698,1,"11,25"
AM,BR-230,698,699,1,"11,25"
AM,BR-230,699,700,1,"11,25"
AM,BR-230,700,701,1,"11,25"
AM,BR-230,701,702,1,"11,25"
AM,BR-230,702,703,1,"11,25"
AM,BR-230,703,704,1,"11,25"
AM,BR-230,704,705,1,"11,25"
AM,BR-230,705,706,1,"11,25"
AM,BR-230,706,707,1,"11,25"
AM,BR-230,707,708,1,60
AM,BR-230,708,709,1,60
AM,BR-230,709,710,1,"52,5"
AM,BR-230,710,711,1,"11,25"
AM,BR-230,711,712,1,"11,25"
AM,BR-230,712,713,1,"11,25"
AM,BR-230,713,714,1,"11,25"
AM,BR-230,714,715,1,"11,25"
AM,BR-230,715,716,1,"11,25"
AM,BR-230,716,717,1,"11,25"
AM,BR-230,717,718,1,"11,25"
AM,BR-230,718,719,1,"11,25"
AM,BR-230,719,720,1,"11,25"
AM,BR-230,720,721,1,"11,25"
AM,BR-230,721,722,1,"11,25"
AM,BR-230,722,723,1,"11,25"
AM,BR-230,723,724,1,"11,25"
AM,BR-230,724,725,1,"11,25"
AM,BR-230,725,726,1,"11,25"
AM,BR-230,726,727,1,"11,25"
AM,BR-230,727,728,1,"11,25"
AM,BR-230,728,729,1,"11,25"
AM,BR-230,729,730,1,"11,25"
AM,BR-230,730,731,1,"11,25"
AM,BR-230,731,732,1,"11,25"
AM,BR-230,732,733,1,"11,25"
AM,BR-230,"733,2",734,"0,8","11,25"
AM,BR-230,734,735,1,"11,25"
AM,BR-230,735,736,1,"11,25"
AM,BR-230,736,737,1,"11,25"
AM,BR-230,737,738,1,"11,25"
AM,BR-230,738,739,1,"11,25"
AM,BR-230,739,740,1,"11,25"
AM,BR-230,740,741,1,"11,25"
AM,BR-230,741,742,1,"11,25"
AM,BR-230,742,743,1,"11,25"
AM,BR-230,743,744,1,"11,25"
AM,BR-230,744,745,1,"11,25"
AM,BR-230,745,746,1,"11,25"
AM,BR-230,746,747,1,"11,25"
AM,BR-230,747,748,1,"11,25"
AM,BR-230,748,749,1,"11,25"
AM,BR-230,749,750,1,"11,25"
AM,BR-230,750,751,1,"11,25"
AM,BR-230,751,752,1,"11,25"
AM,BR-230,752,753,1,"11,25"
AM,BR-230,753,754,1,85
AM,BR-230,754,755,1,"63,75"
AM,BR-230,755,756,1,"11,25"
AM,BR-230,756,757,1,"11,25"
AM,BR-230,757,758,1,"38,75"
AM,BR-230,758,759,1,"38,75"
AM,BR-230,759,760,1,45
AM,BR-230,760,761,1,"52,5"
AM,BR-230,761,762,1,"52,5"
AM,BR-230,762,763,1,45
AM,BR-230,763,764,1,45
AM,BR-230,764,765,1,"38,75"
AM,BR-230,765,766,1,"38,75"
AM,BR-230,766,767,1,45
AM,BR-230,767,768,1,45
AM,BR-230,768,769,1,"11,25"
AM,BR-230,769,770,1,"11,25"
AM,BR-230,770,771,1,45
AM,BR-230,771,772,1,45
AM,BR-230,772,773,1,45
AM,BR-230,773,774,1,"38,75"
AM,BR-230,774,775,1,"38,75"
AM,BR-230,775,776,1,"38,75"
AM,BR-230,776,777,1,"38,75"
AM,BR-230,777,778,1,45
AM,BR-230,778,779,1,"38,75"
AM,BR-230,779,780,1,"52,5"
AM,BR-230,780,781,1,"63,75"
AM,BR-230,781,782,1,60
AM,BR-230,782,783,1,"38,75"
AM,BR-230,783,784,1,45
AM,BR-230,784,785,1,"66,25"
AM,BR-230,785,786,1,60
AM,BR-230,786,787,1,"46,25"
AM,BR-230,787,788,1,"38,75"
AM,BR-230,788,789,1,"52,5"
AM,BR-230,789,790,1,"52,5"
AM,BR-230,790,791,1,45
AM,BR-230,791,792,1,45
AM,BR-230,792,793,1,"38,75"
AM,BR-230,793,794,1,"38,75"
AM,BR-230,794,795,1,"38,75"
AM,BR-230,795,796,1,45
AM,BR-230,796,797,1,"66,25"
AM,BR-230,797,798,1,"38,75"
AM,BR-230,798,799,1,"38,75"
AM,BR-230,799,800,1,"11,25"
AM,BR-230,800,801,1,"52,5"
AM,BR-230,801,802,1,"52,5"
AM,BR-230,802,803,1,60
AM,BR-230,803,804,1,"38,75"
AM,BR-230,804,805,1,"11,25"
AM,BR-230,805,806,1,"11,25"
AM,BR-230,806,807,1,"11,25"
AM,BR-230,807,808,1,"11,25"
AM,BR-230,808,809,1,"11,25"
AM,BR-230,809,810,1,"46,25"
AM,BR-230,810,811,1,"11,25"
AM,BR-230,811,812,1,"11,25"
AM,BR-230,812,813,1,"11,25"
AM,BR-230,813,814,1,"11,25"
AM,BR-230,814,815,1,"11,25"
AM,BR-230,815,816,1,"11,25"
AM,BR-230,"609,2",608,"1,2",85
AM,BR-230,608,607,1,85
AM,BR-230,607,606,1,"82,5"
AM,BR-230,606,605,1,"92,5"
AM,BR-230,605,604,1,90
AM,BR-230,604,603,1,"82,5"
AM,BR-230,603,602,1,"88,75"
AM,BR-230,602,601,1,"86,25"
AM,BR-230,601,600,1,"88,75"
AM,BR-230,600,599,1,"88,75"
AM,BR-230,599,598,1,"78,75"
AM,BR-230,598,597,1,"71,25"
AM,BR-230,597,596,1,"73,75"
AM,BR-230,596,595,1,"77,5"
AM,BR-230,595,594,1,"77,5"
AM,BR-230,594,593,1,"77,5"
AM,BR-230,593,592,1,75
AM,BR-230,592,591,1,75
AM,BR-230,591,590,1,"77,5"
AM,BR-230,590,589,1,"77,5"
AM,BR-230,589,588,1,65
AM,BR-230,588,587,1,"68,75"
AM,BR-230,587,586,1,"62,5"
AM,BR-230,586,585,1,75
AM,BR-230,585,584,1,75
AM,BR-230,584,583,1,"71,25"
AM,BR-230,583,582,1,75
AM,BR-230,582,581,1,75
AM,BR-230,581,580,1,"77,5"
AM,BR-230,580,579,1,"77,5"
AM,BR-230,579,578,1,"77,5"
AM,BR-230,578,577,1,75
AM,BR-230,577,576,1,75
AM,BR-230,576,575,1,"77,5"
AM,BR-230,575,574,1,75
AM,BR-230,574,573,1,"62,5"
AM,BR-230,573,572,1,75
AM,BR-230,572,571,1,75
AM,BR-230,571,570,1,75
AM,BR-230,570,569,1,75
AM,BR-230,569,568,1,75
AM,BR-230,568,567,1,"78,75"
AM,BR-230,567,566,1,"78,75"
AM,BR-230,566,565,1,"78,75"
AM,BR-230,565,564,1,"62,5"
AM,BR-230,564,563,1,75
AM,BR-230,563,562,1,75
AM,BR-230,562,561,1,75
AM,BR-230,561,560,1,"58,75"
AM,BR-230,560,559,1,"62,5"
AM,BR-230,559,558,1,75
AM,BR-230,558,557,1,"77,5"
AM,BR-230,557,556,1,"77,5"
AM,BR-230,556,555,1,"77,5"
AM,BR-230,555,554,1,75
AM,BR-230,554,553,1,75
AM,BR-230,553,552,1,"62,5"
AM,BR-230,552,551,1,"62,5"
AM,BR-230,551,550,1,75
AM,BR-230,550,549,1,75
AM,BR-230,549,548,1,75
AM,BR-230,548,547,1,75
AM,BR-230,547,546,1,75
AM,BR-230,546,545,1,"62,5"
AM,BR-230,545,544,1,"62,5"
AM,BR-230,544,543,1,50
AM,BR-230,543,542,1,"52,5"
AM,BR-230,542,541,1,50
AM,BR-230,541,540,1,50
AM,BR-230,540,539,1,"77,5"
AM,BR-230,539,538,1,"77,5"
AM,BR-230,538,537,1,85
AM,BR-230,537,536,1,"77,5"
AM,BR-230,536,535,1,75
AM,BR-230,535,534,1,85
AM,BR-230,534,533,1,"88,75"
AM,BR-230,533,532,1,85
AM,BR-230,532,531,1,"96,25"
AM,BR-230,531,530,1,100
AM,BR-230,530,529,1,100
AM,BR-230,529,528,1,"93,75"
AM,BR-230,528,527,1,"96,25"
AM,BR-230,527,526,1,"92,5"
AM,BR-230,526,525,1,"77,5"
AM,BR-230,525,524,1,"77,5"
AM,BR-230,524,523,1,"81,25"
AM,BR-230,523,522,1,85
AM,BR-230,522,521,1,"48,75"
AM,BR-230,521,520,1,50
AM,BR-230,520,519,1,50
AM,BR-230,519,518,1,50
AM,BR-230,518,517,1,50
AM,BR-230,517,"516,3","0,7",50
AM,BR-230,"516,3",515,"1,3",90
AM,BR-230,515,514,1,"77,5"
AM,BR-230,514,513,1,75
AM,BR-230,513,512,1,"86,25"
AM,BR-230,512,511,1,"86,25"
AM,BR-230,511,510,1,"81,25"
AM,BR-230,510,509,1,"81,25"
AM,BR-230,509,508,1,"88,75"
AM,BR-230,508,507,1,"81,25"
AM,BR-230,507,506,1,"77,5"
AM,BR-230,506,505,1,"88,75"
AM,BR-230,505,504,1,"78,75"
AM,BR-230,504,503,1,"67,5"
AM,BR-230,503,502,1,"86,25"
AM,BR-230,502,501,1,"68,75"
AM,BR-230,501,500,1,"78,75"
AM,BR-230,500,499,1,"86,25"
AM,BR-230,499,498,1,85
AM,BR-230,498,497,1,"77,5"
AM,BR-230,497,496,1,"77,5"
AM,BR-230,496,495,1,75
AM,BR-230,495,494,1,75
AM,BR-230,494,493,1,"77,5"
AM,BR-230,493,492,1,"77,5"
AM,BR-230,492,491,1,"81,25"
AM,BR-230,491,490,1,"77,5"
AM,BR-230,490,489,1,75
AM,BR-230,489,488,1,"77,5"
AM,BR-230,488,487,1,"77,5"
AM,BR-230,487,486,1,"77,5"
AM,BR-230,486,485,1,"52,5"
AM,BR-230,485,484,1,"72,5"
AM,BR-230,484,483,1,"71,25"
AM,BR-230,483,482,1,"82,5"
AM,BR-230,482,481,1,"88,75"
AM,BR-230,481,480,1,85
AM,BR-230,480,479,1,"88,75"
AM,BR-230,479,478,1,"88,75"
AM,BR-230,478,477,1,"93,75"
AM,BR-230,477,476,1,"81,25"
AM,BR-230,476,475,1,"86,25"
AM,BR-230,475,474,1,"81,25"
AM,BR-230,474,473,1,"86,25"
AM,BR-230,473,472,1,"86,25"
AM,BR-230,472,471,1,"96,25"
AM,BR-230,471,470,1,"96,25"
AM,BR-230,470,469,1,85
AM,BR-230,469,468,1,"92,5"
AM,BR-230,468,467,1,"88,75"
AM,BR-230,467,466,1,85
AM,BR-230,466,465,1,"86,25"
AM,BR-230,465,464,1,"96,25"
AM,BR-230,464,463,1,"81,25"
AM,BR-230,463,462,1,"88,75"
AM,BR-230,462,461,1,50
AM,BR-230,461,460,1,"52,5"
AM,BR-230,460,459,1,"52,5"
AM,BR-230,459,458,1,75
AM,BR-230,458,457,1,75
AM,BR-230,457,456,1,"77,5"
AM,BR-230,456,455,1,75
AM,BR-230,455,454,1,75
AM,BR-230,454,453,1,50
AM,BR-230,453,452,1,75
AM,BR-230,452,451,1,75
AM,BR-230,451,450,1,75
AM,BR-230,450,449,1,"77,5"
AM,BR-230,449,448,1,75
AM,BR-230,448,447,1,"77,5"
AM,BR-230,447,446,1,75
AM,BR-230,446,445,1,75
AM,BR-230,445,444,1,75
AM,BR-230,444,443,1,"62,5"
AM,BR-230,443,442,1,75
AM,BR-230,442,441,1,"72,5"
AM,BR-230,441,440,1,"66,25"
AM,BR-230,440,439,1,50
AM,BR-230,439,438,1,75
AM,BR-230,438,437,1,"77,5"
AM,BR-230,437,436,1,"82,5"
AM,BR-230,436,435,1,"82,5"
AM,BR-230,435,434,1,80
AM,BR-230,434,433,1,"82,5"
AM,BR-230,433,432,1,75
AM,BR-230,432,431,1,90
AM,BR-230,431,430,1,"82,5"
AM,BR-230,430,429,1,"82,5"
AM,BR-230,429,428,1,"82,5"
AM,BR-230,428,427,1,75
AM,BR-230,427,426,1,"72,5"
AM,BR-230,426,425,1,"77,5"
AM,BR-230,425,424,1,"77,5"
AM,BR-230,424,423,1,"81,25"
AM,BR-230,423,422,1,"77,5"
AM,BR-230,422,421,1,"46,25"
AM,BR-230,421,420,1,"43,75"
AM,BR-230,420,419,1,"43,75"
AM,BR-230,419,418,1,"43,75"
AM,BR-230,418,417,1,"47,5"
AM,BR-230,417,416,1,"43,75"
AM,BR-230,416,415,1,"32,5"
AM,BR-230,415,414,1,"43,75"
AM,BR-230,414,413,1,"43,75"
AM,BR-230,413,412,1,"43,75"
AM,BR-230,412,411,1,"47,5"
AM,BR-230,411,410,1,"43,75"
AM,BR-230,410,409,1,"43,75"
AM,BR-230,409,408,1,"47,5"
AM,BR-230,408,407,1,"43,75"
AM,BR-230,407,406,1,"47,5"
AM,BR-230,406,405,1,"72,5"
AM,BR-230,405,404,1,"52,5"
AM,BR-230,404,403,1,"47,5"
AM,BR-230,403,402,1,"47,5"
AM,BR-230,402,401,1,"47,5"
AM,BR-230,401,"400,6","0,4",50
RS,BR-470,"133,39",132,"1,39","27,5"
RS,BR-470,132,131,1,"48,75"
RS,BR-470,131,130,1,"27,5"
RS,BR-470,130,129,1,"27,5"
RS,BR-470,129,128,1,20
RS,BR-470,128,127,1,35
RS,BR-470,127,126,1,"58,75"
RS,BR-470,126,125,1,60
RS,BR-470,125,124,1,"48,75"
RS,BR-470,124,123,1,45
RS,BR-470,123,122,1,"52,5"
RS,BR-470,122,121,1,"42,5"
RS,BR-470,121,120,1,"42,5"
RS,BR-470,120,119,1,45
RS,BR-470,119,118,1,"52,5"
RS,BR-470,118,117,1,"42,5"
RS,BR-470,117,116,1,"42,5"
RS,BR-470,116,115,1,"42,5"
RS,BR-470,115,114,1,"42,5"
RS,BR-470,114,113,1,"42,5"
RS,BR-470,113,112,1,"48,75"
RS,BR-470,112,111,1,"58,75"
RS,BR-470,111,110,1,"48,75"
RS,BR-470,110,109,1,"51,25"
RS,BR-470,109,108,1,"56,25"
RS,BR-470,108,107,1,"73,75"
RS,BR-470,107,106,1,"73,75"
RS,BR-470,106,105,1,"73,75"
RS,BR-470,105,104,1,"73,75"
RS,BR-470,104,103,1,"63,75"
RS,BR-470,103,102,1,70
RS,BR-470,102,101,1,"62,5"
RS,BR-470,101,100,1,"62,5"
RS,BR-470,100,99,1,"62,5"
RS,BR-470,99,98,1,"63,75"
RS,BR-470,98,97,1,"63,75"
RS,BR-470,97,96,1,"72,5"
RS,BR-470,96,95,1,"62,5"
RS,BR-470,95,94,1,70
RS,BR-470,94,93,1,"56,25"
RS,BR-470,93,92,1,"76,25"
RS,BR-470,92,91,1,"73,75"
RS,BR-470,91,90,1,"63,75"
RS,BR-470,90,89,1,60
RS,BR-470,89,"88,4","0,6",30
PB,BR-434,"19,4",20,"0,6","7,5"
PB,BR-434,20,21,1,"22,5"
PB,BR-434,21,22,1,35
PB,BR-434,22,23,1,"32,5"
PB,BR-434,23,24,1,35
PB,BR-434,24,25,1,"43,75"
PB,BR-434,25,26,1,0
PB,BR-434,26,27,1,"22,5"
PB,BR-434,27,28,1,"7,5"
PB,BR-434,28,29,1,15
PB,BR-434,29,30,1,"22,5"
PB,BR-434,30,31,1,"22,5"
PB,BR-434,31,32,1,15
PB,BR-434,32,33,1,0
PB,BR-434,33,34,1,"11,25"
PB,BR-434,34,"34,4","0,4",0
AM,BR-230,0,1,1,"7,5"
AM,BR-230,1,2,1,"7,5"
AM,BR-230,2,3,1,"7,5"
AM,BR-230,3,4,1,"7,5"
AM,BR-230,4,5,1,"8,75"
AM,BR-230,5,6,1,"7,5"
AM,BR-230,6,7,1,"7,5"
AM,BR-230,7,8,1,"7,5"
AM,BR-230,8,9,1,"7,5"
AM,BR-230,9,10,1,"8,75"
AM,BR-230,10,11,1,"8,75"
AM,BR-230,11,12,1,"7,5"
AM,BR-230,12,13,1,"7,5"
AM,BR-230,13,14,1,"7,5"
AM,BR-230,14,15,1,"7,5"
AM,BR-230,15,16,1,"7,5"
AM,BR-230,16,17,1,"7,5"
AM,BR-230,17,18,1,"7,5"
AM,BR-230,18,19,1,"7,5"
AM,BR-230,19,20,1,"7,5"
AM,BR-230,20,21,1,"7,5"
AM,BR-230,21,22,1,"7,5"
AM,BR-230,22,23,1,"7,5"
AM,BR-230,23,24,1,"7,5"
AM,BR-230,24,25,1,"7,5"
AM,BR-230,25,26,1,"7,5"
AM,BR-230,26,27,1,"7,5"
AM,BR-230,27,28,1,"8,75"
AM,BR-230,28,29,1,"8,75"
AM,BR-230,29,30,1,"7,5"
AM,BR-230,30,31,1,"7,5"
AM,BR-230,31,32,1,"7,5"
AM,BR-230,32,33,1,"7,5"
AM,BR-230,33,34,1,"7,5"
AM,BR-230,34,35,1,"7,5"
AM,BR-230,35,36,1,"7,5"
AM,BR-230,36,37,1,"8,75"
AM,BR-230,37,38,1,"8,75"
AM,BR-230,38,39,1,"7,5"
AM,BR-230,39,40,1,"7,5"
AM,BR-230,40,41,1,"7,5"
AM,BR-230,41,42,1,"7,5"
AM,BR-230,42,43,1,"7,5"
AM,BR-230,43,44,1,"7,5"
AM,BR-230,44,45,1,"7,5"
AM,BR-230,45,46,1,"8,75"
AM,BR-230,46,47,1,"7,5"
AM,BR-230,47,48,1,"7,5"
AM,BR-230,48,49,1,"7,5"
AM,BR-230,49,50,1,10
AM,BR-230,50,51,1,"7,5"
AM,BR-230,51,52,1,"7,5"
AM,BR-230,52,53,1,"7,5"
AM,BR-230,53,54,1,"7,5"
AM,BR-230,54,55,1,"7,5"
AM,BR-230,55,56,1,"7,5"
AM,BR-230,56,57,1,"7,5"
AM,BR-230,57,58,1,"7,5"
AM,BR-230,58,59,1,"7,5"
AM,BR-230,59,60,1,"7,5"
AM,BR-230,60,61,1,"7,5"
AM,BR-230,61,62,1,"8,75"
AM,BR-230,62,63,1,"7,5"
AM,BR-230,63,64,1,"7,5"
AM,BR-230,64,65,1,"7,5"
AM,BR-230,65,66,1,"7,5"
AM,BR-230,66,67,1,"7,5"
AM,BR-230,67,68,1,"7,5"
AM,BR-230,68,69,1,"7,5"
AM,BR-230,69,70,1,"7,5"
AM,BR-230,70,71,1,"7,5"
AM,BR-230,71,72,1,"8,75"
AM,BR-230,72,73,1,"8,75"
AM,BR-230,73,74,1,"8,75"
AM,BR-230,74,75,1,"7,5"
AM,BR-230,75,76,1,"8,75"
AM,BR-230,76,77,1,"7,5"
AM,BR-230,77,78,1,"8,75"
AM,BR-230,78,79,1,"8,75"
AM,BR-230,79,80,1,"21,25"
AM,BR-230,80,81,1,"7,5"
AM,BR-230,81,82,1,"21,25"
AM,BR-230,82,83,1,"7,5"
AM,BR-230,83,84,1,"8,75"
AM,BR-230,84,85,1,"7,5"
AM,BR-230,85,86,1,"7,5"
AM,BR-230,86,87,1,"7,5"
AM,BR-230,87,88,1,"8,75"
AM,BR-230,88,89,1,"7,5"
AM,BR-230,89,90,1,"8,75"
AM,BR-230,90,91,1,"8,75"
AM,BR-230,91,92,1,"7,5"
AM,BR-230,92,93,1,"7,5"
AM,BR-230,93,94,1,"8,75"
AM,BR-230,94,95,1,"8,75"
AM,BR-230,95,96,1,"8,75"
AM,BR-230,96,97,1,"8,75"
AM,BR-230,97,98,1,"8,75"
AM,BR-230,98,99,1,"8,75"
AM,BR-230,99,100,1,"7,5"
AM,BR-230,100,101,1,"8,75"
AM,BR-230,101,102,1,"8,75"
AM,BR-230,102,103,1,"7,5"
AM,BR-230,103,104,1,"8,75"
AM,BR-230,104,105,1,65
AM,BR-230,105,106,1,"22,5"
AM,BR-230,106,107,1,"23,75"
AM,BR-230,107,108,1,"23,75"
AM,BR-230,108,109,1,"23,75"
AM,BR-230,109,110,1,"23,75"
AM,BR-230,110,111,1,"23,75"
AM,BR-230,111,112,1,"8,75"
AM,BR-230,112,113,1,"8,75"
AM,BR-230,113,114,1,"8,75"
AM,BR-230,114,115,1,"8,75"
AM,BR-230,115,116,1,"8,75"
AM,BR-230,116,117,1,"8,75"
AM,BR-230,117,118,1,"7,5"
AM,BR-230,118,119,1,"8,75"
AM,BR-230,119,120,1,"8,75"
AM,BR-230,120,121,1,"23,75"
AM,BR-230,121,122,1,"8,75"
AM,BR-230,122,123,1,"8,75"
AM,BR-230,123,124,1,"8,75"
AM,BR-230,124,125,1,"8,75"
AM,BR-230,125,126,1,"7,5"
AM,BR-230,126,127,1,"7,5"
AM,BR-230,127,128,1,"7,5"
AM,BR-230,128,129,1,"7,5"
AM,BR-230,129,130,1,"8,75"
AM,BR-230,130,131,1,"8,75"
AM,BR-230,131,132,1,"8,75"
AM,BR-230,132,133,1,"7,5"
AM,BR-230,133,134,1,"7,5"
AM,BR-230,134,135,1,80
AM,BR-230,135,136,1,90
AM,BR-230,136,137,1,90
AM,BR-230,137,138,1,"92,5"
AM,BR-230,138,139,1,"96,25"
AM,BR-230,139,140,1,"93,75"
AM,BR-230,140,141,1,75
AM,BR-230,141,142,1,"96,25"
AM,BR-230,142,143,1,"96,25"
AM,BR-230,143,144,1,"92,5"
AM,BR-230,144,145,1,90
AM,BR-230,145,146,1,"92,5"
AM,BR-230,146,147,1,"96,25"
AM,BR-230,147,148,1,"96,25"
AM,BR-230,148,149,1,"96,25"
AM,BR-230,149,150,1,"93,75"
AM,BR-230,150,151,1,"96,25"
AM,BR-230,151,152,1,"93,75"
AM,BR-230,152,153,1,"93,75"
AM,BR-230,153,154,1,"96,25"
AM,BR-230,154,155,1,"93,75"
AM,BR-230,155,156,1,"96,25"
AM,BR-230,156,157,1,"93,75"
AM,BR-230,157,158,1,"93,75"
AM,BR-230,158,159,1,"93,75"
AM,BR-230,159,160,1,"92,5"
AM,BR-230,160,161,1,"7,5"
AM,BR-230,161,162,1,"93,75"
AM,BR-230,162,163,1,"93,75"
AM,BR-230,163,164,1,65
AM,BR-230,164,165,1,"71,25"
AM,BR-230,165,166,1,"7,5"
AM,BR-230,166,167,1,"7,5"
AM,BR-230,167,168,1,"7,5"
AM,BR-230,168,169,1,"7,5"
AM,BR-230,169,170,1,"7,5"
AM,BR-230,170,171,1,"7,5"
AM,BR-230,171,172,1,"7,5"
AM,BR-230,172,173,1,"7,5"
AM,BR-230,173,174,1,"7,5"
AM,BR-230,174,175,1,"7,5"
AM,BR-230,175,176,1,"7,5"
AM,BR-230,176,177,1,"7,5"
AM,BR-230,177,178,1,"7,5"
AM,BR-230,178,179,1,"7,5"
AM,BR-230,179,180,1,"7,5"
AM,BR-230,180,181,1,15
AM,BR-230,181,182,1,"7,5"
AM,BR-230,182,183,1,"7,5"
AM,BR-230,183,184,1,"7,5"
AM,BR-230,184,185,1,"7,5"
AM,BR-230,185,186,1,"7,5"
AM,BR-230,186,187,1,"26,25"
AM,BR-230,187,188,1,"48,75"
AM,BR-230,188,189,1,"48,75"
AM,BR-230,189,190,1,"63,75"
AM,BR-230,190,191,1,"52,5"
AM,BR-230,191,192,1,"18,75"
AM,BR-230,192,193,1,"27,5"
AM,BR-230,193,194,1,20
AM,BR-230,194,195,1,"58,75"
AM,BR-230,195,196,1,"66,25"
AM,BR-230,196,197,1,"66,25"
AM,BR-230,197,198,1,"66,25"
AM,BR-230,198,199,1,"48,75"
AM,BR-230,199,200,1,60
AM,BR-230,200,201,1,"66,25"
AM,BR-230,201,202,1,70
AM,BR-230,202,203,1,"52,5"
AM,BR-230,203,204,1,"7,5"
AM,BR-230,204,205,1,"48,75"
AM,BR-230,205,206,1,"7,5"
AM,BR-230,206,207,1,15
AM,BR-230,"213,2",214,"0,8","42,5"
AM,BR-230,214,215,1,"42,5"
AM,BR-230,215,216,1,"38,75"
AM,BR-230,216,217,1,"38,75"
AM,BR-230,217,218,1,"38,75"
AM,BR-230,218,219,1,40
AM,BR-230,219,220,1,40
AM,BR-230,220,221,1,40
AM,BR-230,221,222,1,40
AM,BR-230,222,223,1,40
AM,BR-230,223,224,1,"43,75"
AM,BR-230,224,225,1,40
AM,BR-230,225,226,1,"47,5"
AM,BR-230,226,227,1,"37,5"
AM,BR-230,227,228,1,"37,5"
AM,BR-230,228,229,1,"37,5"
AM,BR-230,229,230,1,45
AM,BR-230,230,231,1,"47,5"
AM,BR-230,231,232,1,45
AM,BR-230,232,233,1,"37,5"
AM,BR-230,233,234,1,30
AM,BR-230,234,235,1,30
AM,BR-230,235,236,1,"22,5"
AM,BR-230,236,237,1,"22,5"
AM,BR-230,237,238,1,"22,5"
AM,BR-230,238,239,1,"22,5"
AM,BR-230,239,240,1,"22,5"
AM,BR-230,240,241,1,"22,5"
AM,BR-230,241,242,1,"22,5"
AM,BR-230,242,243,1,"22,5"
AM,BR-230,243,244,1,"22,5"
AM,BR-230,244,245,1,"22,5"
AM,BR-230,245,246,1,40
AM,BR-230,246,247,1,40
AM,BR-230,247,248,1,"22,5"
AM,BR-230,248,249,1,"22,5"
AM,BR-230,249,250,1,"22,5"
AM,BR-230,250,251,1,"7,5"
AM,BR-230,251,252,1,"7,5"
AM,BR-230,252,253,1,"8,75"
AM,BR-230,253,254,1,10
AM,BR-230,254,255,1,10
AM,BR-230,255,256,1,25
AM,BR-230,256,257,1,10
AM,BR-230,257,258,1,"32,5"
AM,BR-230,258,259,1,"32,5"
AM,BR-230,259,260,1,10
AM,BR-230,260,261,1,25
AM,BR-230,261,262,1,"32,5"
AM,BR-230,262,263,1,"32,5"
AM,BR-230,263,264,1,"32,5"
AM,BR-230,264,265,1,"37,5"
AM,BR-230,265,266,1,"23,75"
AM,BR-230,266,267,1,25
AM,BR-230,267,268,1,25
AM,BR-230,268,269,1,25
AM,BR-230,269,270,1,"32,5"
AM,BR-230,270,271,1,25
AM,BR-230,271,272,1,"23,75"
AM,BR-230,272,273,1,25
AM,BR-230,273,274,1,25
AM,BR-230,274,275,1,25
AM,BR-230,275,276,1,25
AM,BR-230,276,277,1,25
AM,BR-230,277,278,1,25
AM,BR-230,278,279,1,"32,5"
AM,BR-230,279,280,1,"23,75"
AM,BR-230,280,281,1,"23,75"
AM,BR-230,281,282,1,"23,75"
AM,BR-230,282,283,1,"36,25"
AM,BR-230,283,284,1,"31,25"
AM,BR-230,284,285,1,"38,75"
AM,BR-230,285,286,1,"41,25"
AM,BR-230,286,287,1,"62,5"
AM,BR-230,287,288,1,30
AM,BR-230,288,289,1,30
AM,BR-230,289,290,1,"22,5"
AM,BR-230,290,291,1,"32,5"
AM,BR-230,291,292,1,"23,75"
AM,BR-230,292,293,1,40
AM,BR-230,293,294,1,"32,5"
AM,BR-230,294,295,1,"32,5"
AM,BR-230,295,296,1,40
AM,BR-230,296,297,1,45
AM,BR-230,297,298,1,40
AM,BR-230,298,299,1,"32,5"
AM,BR-230,299,300,1,"32,5"
AM,BR-230,300,301,1,40
AM,BR-230,301,302,1,40
AM,BR-230,302,303,1,"52,5"
AM,BR-230,303,304,1,"31,25"
AM,BR-230,304,305,1,"42,5"
AM,BR-230,305,306,1,"38,75"
AM,BR-230,306,307,1,"42,5"
AM,BR-230,307,308,1,55
AM,BR-230,308,309,1,"38,75"
AM,BR-230,309,310,1,40
AM,BR-230,310,311,1,40
AM,BR-230,311,312,1,40
AM,BR-230,312,313,1,40
AM,BR-230,313,"314,4","1,4",40
AM,BR-230,"314,8",315,"0,2",40
AM,BR-230,315,316,1,25
AM,BR-230,316,317,1,25
AM,BR-230,317,318,1,25
AM,BR-230,318,319,1,25
AM,BR-230,319,320,1,25
AM,BR-230,320,321,1,25
AM,BR-230,321,322,1,25
AM,BR-230,322,323,1,25
AM,BR-230,323,324,1,25
AM,BR-230,324,325,1,"32,5"
AM,BR-230,325,326,1,"32,5"
AM,BR-230,326,327,1,"32,5"
AM,BR-230,327,328,1,40
AM,BR-230,328,329,1,"32,5"
AM,BR-230,329,330,1,"32,5"
AM,BR-230,330,331,1,25
AM,BR-230,331,332,1,25
AM,BR-230,332,333,1,25
AM,BR-230,333,334,1,25
AM,BR-230,334,335,1,"37,5"
AM,BR-230,335,336,1,25
AM,BR-230,336,337,1,25
AM,BR-230,337,338,1,"32,5"
AM,BR-230,338,339,1,"32,5"
AM,BR-230,339,340,1,"32,5"
AM,BR-230,340,341,1,25
AM,BR-230,341,342,1,25
AM,BR-230,342,343,1,"23,75"
AM,BR-230,343,344,1,25
AM,BR-230,344,345,1,"62,5"
AM,BR-230,345,346,1,75
AM,BR-230,346,347,1,65
AM,BR-230,347,348,1,"51,25"
AM,BR-230,348,349,1,"43,75"
AM,BR-230,349,350,1,55
AM,BR-230,350,351,1,"42,5"
AM,BR-230,351,352,1,"46,25"
AM,BR-230,352,353,1,"46,25"
AM,BR-230,353,354,1,"43,75"
AM,BR-230,354,355,1,"38,75"
AM,BR-230,355,356,1,"42,5"
AM,BR-230,356,357,1,"42,5"
AM,BR-230,357,358,1,"43,75"
AM,BR-230,358,359,1,40
AM,BR-230,359,360,1,40
AM,BR-230,360,361,1,"51,25"
AM,BR-230,361,362,1,40
AM,BR-230,362,363,1,25
AM,BR-230,363,364,1,"32,5"
AM,BR-230,364,365,1,40
AM,BR-230,365,366,1,70
AM,BR-230,366,367,1,80
AM,BR-230,367,368,1,"68,75"
AM,BR-230,368,369,1,"51,25"
AM,BR-230,369,370,1,"31,25"
AM,BR-230,370,371,1,"63,75"
AM,BR-230,371,372,1,"61,25"
AM,BR-230,372,373,1,"41,25"
AM,BR-230,373,374,1,"38,75"
AM,BR-230,374,375,1,50
AM,BR-230,375,376,1,"57,5"
AM,BR-230,376,377,1,"67,5"
AM,BR-230,377,378,1,"57,5"
AM,BR-230,378,379,1,"26,25"
AM,BR-230,379,380,1,"43,75"
AM,BR-230,380,381,1,"38,75"
AM,BR-230,381,382,1,"57,5"
AM,BR-230,382,383,1,"71,25"
AM,BR-230,383,384,1,"62,5"
AM,BR-230,384,385,1,"57,5"
AM,BR-230,385,386,1,"57,5"
AM,BR-230,386,387,1,"51,25"
AM,BR-230,387,388,1,"68,75"
AM,BR-230,388,389,1,"78,75"
AM,BR-230,389,390,1,"67,5"
AM,BR-230,390,391,1,"47,5"
AM,BR-230,391,392,1,"72,5"
AM,BR-230,392,393,1,"82,5"
AM,BR-230,393,394,1,75
AM,BR-230,394,395,1,"63,75"
AM,BR-230,395,396,1,55
AM,BR-230,396,397,1,"46,25"
AM,BR-230,397,398,1,"48,75"
AM,BR-230,398,399,1,"36,25"
AM,BR-230,399,"400,6","1,6","57,5"
AM,BR-174,195,196,1,"7,5"
AM,BR-174,196,197,1,"7,5"
AM,BR-174,197,198,1,"7,5"
AM,BR-174,198,199,1,"7,5"
AM,BR-174,199,200,1,"7,5"
AM,BR-174,200,201,1,"7,5"
AM,BR-174,201,202,1,"7,5"
AM,BR-174,202,203,1,"7,5"
AM,BR-174,203,204,1,"7,5"
AM,BR-174,204,205,1,"7,5"
AM,BR-174,205,206,1,"22,5"
AM,BR-174,206,207,1,35
AM,BR-174,207,208,1,25
AM,BR-174,208,209,1,"37,5"
AM,BR-174,209,210,1,25
AM,BR-174,210,211,1,30
AM,BR-174,211,212,1,25
AM,BR-174,212,213,1,"22,5"
AM,BR-174,213,214,1,"7,5"
AM,BR-174,214,215,1,"7,5"
AM,BR-174,215,216,1,"22,5"
AM,BR-174,216,217,1,"22,5"
AM,BR-174,217,218,1,"7,5"
AM,BR-174,218,219,1,"7,5"
AM,BR-174,219,220,1,15
AM,BR-174,220,221,1,"7,5"
AM,BR-174,221,222,1,"21,25"
AM,BR-174,222,223,1,"17,5"
AM,BR-174,223,224,1,10
AM,BR-174,224,225,1,10
AM,BR-174,225,226,1,10
AM,BR-174,226,227,1,10
TO,BR-242,"23,7",24,"0,3","76,25"
TO,BR-242,24,25,1,"76,25"
TO,BR-242,25,26,1,70
TO,BR-242,26,27,1,"76,25"
TO,BR-242,27,28,1,"72,5"
TO,BR-242,28,29,1,"72,5"
TO,BR-242,29,30,1,"66,25"
TO,BR-242,30,31,1,"76,25"
TO,BR-242,31,32,1,"72,5"
TO,BR-242,32,33,1,"72,5"
TO,BR-242,"500,2",501,"0,8","58,75"
TO,BR-242,501,502,1,"58,75"
TO,BR-242,502,503,1,"58,75"
TO,BR-242,503,504,1,"58,75"
TO,BR-242,504,505,1,65
TO,BR-242,505,506,1,65
TO,BR-242,506,507,1,"58,75"
TO,BR-242,507,508,1,"58,75"
TO,BR-242,508,509,1,"58,75"
TO,BR-242,509,510,1,"58,75"
TO,BR-010,"135,8",136,"0,2",50
TO,BR-010,136,137,1,50
TO,BR-010,137,138,1,"51,25"
TO,BR-010,138,139,1,"52,5"
TO,BR-010,139,140,1,"52,5"
TO,BR-010,140,141,1,"52,5"
TO,BR-010,141,142,1,"52,5"
TO,BR-010,142,143,1,"52,5"
PR,BR-158,"229,5",230,"0,5",15
PR,BR-158,230,231,1,15
PR,BR-158,231,232,1,20
PR,BR-158,232,233,1,20
PR,BR-158,233,234,1,20
PR,BR-158,234,235,1,20
PR,BR-158,235,236,1,20
PR,BR-158,236,237,1,20
PR,BR-158,237,238,1,20
PR,BR-158,238,239,1,20
PR,BR-158,239,240,1,20
PR,BR-158,240,241,1,20
PR,BR-158,241,242,1,15
PR,BR-158,242,243,1,15
PR,BR-158,243,244,1,15
PR,BR-158,244,245,1,15
PR,BR-158,245,246,1,15
PR,BR-158,246,247,1,15
PR,BR-158,247,248,1,15
PR,BR-158,248,249,1,15
PR,BR-158,249,250,1,20
PR,BR-158,250,251,1,"42,5"
PR,BR-158,251,252,1,15
PR,BR-158,252,253,1,15
PR,BR-158,253,254,1,"27,5"
PR,BR-158,254,255,1,30
PR,BR-158,255,256,1,30
PR,BR-158,256,257,1,30
PR,BR-158,257,258,1,30
PR,BR-158,258,259,1,30
PR,BR-158,259,260,1,30
PR,BR-158,260,261,1,"37,5"
PR,BR-158,261,262,1,"37,5"
PR,BR-158,262,263,1,35
PR,BR-158,263,264,1,15
PR,BR-158,264,265,1,"42,5"
PR,BR-158,265,266,1,30
PR,BR-158,266,267,1,15
PR,BR-158,267,268,1,65
PR,BR-158,268,269,1,50
PR,BR-158,269,270,1,50
PR,BR-158,270,271,1,30
PR,BR-158,271,272,1,30
PR,BR-158,272,273,1,30
PR,BR-158,273,274,1,30
PR,BR-158,274,275,1,"47,5"
PR,BR-158,275,276,1,30
PR,BR-158,276,277,1,"42,5"
PR,BR-158,277,278,1,"42,5"
PR,BR-158,278,279,1,"42,5"
PR,BR-158,279,280,1,30
PR,BR-158,280,281,1,50
PR,BR-158,281,282,1,50
PR,BR-158,282,283,1,30
PR,BR-158,283,284,1,"42,5"
PR,BR-158,284,285,1,"42,5"
PR,BR-158,285,286,1,45
PR,BR-158,286,287,1,45
PR,BR-158,287,288,1,45
PR,BR-158,288,289,1,50
PR,BR-158,289,290,1,45
PR,BR-158,290,291,1,45
PR,BR-158,291,292,1,"42,5"
PR,BR-158,292,293,1,55
PR,BR-158,293,294,1,"57,5"
PR,BR-158,294,295,1,"42,5"
RS,BR-153,"53,1",54,"0,9","17,5"
RS,BR-153,54,55,1,"3,75"
RS,BR-153,55,56,1,"2,5"
RS,BR-153,56,57,1,"2,5"
RS,BR-153,57,58,1,"32,5"
RS,BR-153,58,59,1,"26,25"
RS,BR-153,59,60,1,"32,5"
RS,BR-153,60,61,1,"26,25"
RS,BR-153,61,62,1,"26,25"
RS,BR-153,62,63,1,"32,5"
RS,BR-153,63,64,1,"21,25"
RS,BR-153,64,65,1,"26,25"
RS,BR-153,65,66,1,"26,25"
RS,BR-153,66,67,1,"26,25"
RS,BR-153,67,68,1,"26,25"
RS,BR-153,68,69,1,"32,5"
RS,BR-153,69,70,1,"32,5"
RS,BR-153,70,71,1,"47,5"
RS,BR-153,71,72,1,55
RS,BR-153,72,73,1,55
RS,BR-153,73,74,1,"47,5"
RS,BR-153,74,75,1,20
RS,BR-153,75,76,1,15
RS,BR-153,76,77,1,"47,5"
RS,BR-153,77,78,1,"48,75"
RS,BR-153,78,79,1,50
RS,BR-153,79,80,1,"27,5"
RS,BR-153,80,81,1,"48,75"
RS,BR-153,81,82,1,"47,5"
RS,BR-153,82,83,1,"47,5"
RS,BR-153,83,84,1,50
RS,BR-153,84,85,1,"47,5"
RS,BR-153,85,86,1,"28,75"
RS,BR-153,86,87,1,"58,75"
RS,BR-153,87,88,1,55
RS,BR-153,88,89,1,55
RS,BR-153,89,90,1,"57,5"
RS,BR-153,90,91,1,"48,75"
RS,BR-153,91,92,1,"76,25"
RS,BR-153,92,93,1,"62,5"
RS,BR-153,93,94,1,55
RS,BR-153,94,95,1,"61,25"
RS,BR-153,95,96,1,"47,5"
RS,BR-153,96,97,1,50
RS,BR-153,97,98,1,"76,25"
RS,BR-153,98,99,1,"62,5"
RS,BR-153,99,100,1,"47,5"
RS,BR-153,100,101,1,"47,5"
RS,BR-153,101,102,1,"66,25"
RS,BR-153,102,103,1,55
RS,BR-153,103,104,1,"47,5"
RS,BR-153,104,105,1,55
RS,BR-153,105,106,1,"71,25"
RS,BR-153,106,107,1,"58,75"
RS,BR-153,107,108,1,"42,5"
RS,BR-153,108,109,1,"66,25"
RS,BR-153,109,110,1,"48,75"
RS,BR-153,110,111,1,55
RS,BR-153,111,112,1,"66,25"
RS,BR-153,112,113,1,"72,5"
RS,BR-153,113,114,1,"61,25"
RS,BR-153,114,115,1,0
RS,BR-153,115,116,1,"62,5"
RS,BR-153,116,117,1,25
RS,BR-153,117,118,1,25
RS,BR-153,118,119,1,"32,5"
RS,BR-153,119,120,1,25
RS,BR-153,120,121,1,25
RS,BR-153,121,"121,5","0,5",25
AM,BR-317,526,525,1,"58,75"
AM,BR-317,525,524,1,"67,5"
AM,BR-317,524,523,1,"63,75"
AM,BR-317,523,522,1,"71,25"
AM,BR-317,522,521,1,"71,25"
AM,BR-317,521,520,1,"63,75"
AM,BR-317,520,519,1,65
AM,BR-317,519,518,1,"66,25"
AM,BR-317,518,517,1,"66,25"
AM,BR-317,517,516,1,45
AM,BR-317,516,515,1,"51,25"
AM,BR-317,"497,16",496,"1,16","8,75"
AM,BR-317,496,495,1,"63,75"
AM,BR-317,495,494,1,"48,75"
AM,BR-317,494,493,1,"58,75"
AM,BR-317,493,492,1,"38,75"
AM,BR-317,492,491,1,"58,75"
AM,BR-317,491,490,1,"66,25"
AM,BR-317,490,489,1,"66,25"
AM,BR-317,489,488,1,"77,5"
AM,BR-317,488,487,1,"77,5"
AM,BR-317,487,486,1,"63,75"
AM,BR-317,486,485,1,75
AM,BR-317,485,484,1,"52,5"
AM,BR-317,484,483,1,"38,75"
AM,BR-317,483,482,1,"53,75"
AM,BR-317,482,481,1,"46,25"
AM,BR-317,481,480,1,"46,25"
AM,BR-317,480,479,1,45
AM,BR-317,479,478,1,"53,75"
AM,BR-317,"466,24",465,"1,24","57,5"
AM,BR-317,465,464,1,"57,5"
AM,BR-317,464,463,1,65
AM,BR-317,463,462,1,"53,75"
AM,BR-317,462,461,1,50
AM,BR-317,461,460,1,"53,75"
AM,BR-317,460,459,1,"71,25"
AM,BR-317,459,458,1,"67,5"
AM,BR-317,458,457,1,"81,25"
AM,BR-317,457,456,1,"81,25"
AM,BR-317,456,455,1,"46,25"
AM,BR-317,455,454,1,50
AM,BR-317,454,453,1,"77,5"
AM,BR-317,453,452,1,"63,75"
GO,BR-070,"67,3",68,"0,7",15
GO,BR-070,68,69,1,15
GO,BR-070,69,70,1,15
GO,BR-070,70,71,1,15
GO,BR-070,71,72,1,15
GO,BR-070,72,73,1,15
GO,BR-070,73,74,1,15
GO,BR-070,74,75,1,15
GO,BR-070,75,76,1,15
GO,BR-070,76,77,1,0
GO,BR-070,77,78,1,0
GO,BR-070,78,79,1,0
GO,BR-070,79,80,1,15
GO,BR-070,80,81,1,0
GO,BR-070,81,82,1,0
GO,BR-070,82,83,1,0
GO,BR-070,83,84,1,0
GO,BR-070,84,85,1,0
GO,BR-070,85,86,1,0
GO,BR-070,86,87,1,0
GO,BR-070,87,88,1,0
GO,BR-070,88,89,1,30
GO,BR-070,89,90,1,0
GO,BR-070,90,91,1,0
GO,BR-070,91,92,1,0
GO,BR-070,92,93,1,0
GO,BR-070,93,94,1,0
GO,BR-070,94,95,1,0
GO,BR-070,95,96,1,0
GO,BR-070,96,97,1,0
GO,BR-070,97,98,1,0
GO,BR-070,98,99,1,0
GO,BR-070,99,100,1,"11,25"
GO,BR-070,100,101,1,35
GO,BR-070,101,102,1,0
GO,BR-070,102,103,1,0
GO,BR-070,103,104,1,0
GO,BR-070,104,105,1,0
GO,BR-070,105,106,1,0
GO,BR-070,106,107,1,0
GO,BR-070,107,108,1,0
GO,BR-070,108,109,1,0
GO,BR-070,109,110,1,0
GO,BR-070,110,111,1,0
GO,BR-070,111,112,1,0
GO,BR-070,112,113,1,0
GO,BR-070,113,114,1,0
GO,BR-070,114,115,1,0
GO,BR-070,115,116,1,0
GO,BR-070,116,117,1,0
GO,BR-070,117,118,1,0
GO,BR-070,118,119,1,0
GO,BR-070,119,120,1,0
GO,BR-070,120,121,1,0
GO,BR-070,121,122,1,0
GO,BR-070,122,123,1,0
GO,BR-070,123,124,1,0
GO,BR-080,"277,5",278,"0,5","56,25"
GO,BR-080,278,279,1,"73,75"
GO,BR-080,279,280,1,"73,75"
GO,BR-080,280,281,1,"77,5"
GO,BR-080,281,282,1,"57,5"
GO,BR-080,282,283,1,"48,75"
RR,BR-401,107,108,1,"76,25"
RR,BR-401,108,109,1,"72,5"
RR,BR-401,109,110,1,"68,75"
RR,BR-401,110,111,1,"68,75"
RR,BR-401,111,112,1,"68,75"
RR,BR-401,112,113,1,"68,75"
RR,BR-401,113,114,1,"68,75"
RR,BR-401,114,115,1,"68,75"
RR,BR-401,115,116,1,"68,75"
RR,BR-401,116,117,1,"68,75"
RR,BR-401,117,118,1,"68,75"
RR,BR-401,118,119,1,"68,75"
RR,BR-401,119,120,1,"68,75"
RR,BR-401,120,121,1,"68,75"
RR,BR-401,121,122,1,55
RR,BR-401,122,123,1,"68,75"
RR,BR-401,123,124,1,"68,75"
RR,BR-401,124,125,1,"68,75"
RR,BR-401,125,126,1,"68,75"
RR,BR-401,126,127,1,"68,75"
RR,BR-401,127,128,1,"68,75"
RR,BR-401,128,129,1,"68,75"
RR,BR-401,129,130,1,"68,75"
RR,BR-401,130,131,1,"68,75"
RR,BR-401,131,132,1,"68,75"
RR,BR-401,132,133,1,"68,75"
RR,BR-401,133,134,1,"72,5"
RR,BR-401,134,135,1,"72,5"
RR,BR-401,135,136,1,"72,5"
RR,BR-401,136,137,1,"72,5"
RR,BR-401,137,138,1,"72,5"
RR,BR-401,138,139,1,"72,5"
RR,BR-401,139,140,1,"72,5"
RR,BR-401,140,141,1,"76,25"
RR,BR-401,141,142,1,"76,25"
RR,BR-401,142,143,1,"73,75"
RR,BR-401,143,144,1,"73,75"
RR,BR-401,144,145,1,"72,5"
RR,BR-401,145,146,1,"72,5"
RR,BR-401,146,147,1,"72,5"
RR,BR-401,147,148,1,"72,5"
RR,BR-401,148,149,1,"76,25"
RR,BR-401,149,150,1,"73,75"
RR,BR-401,150,151,1,"72,5"
RR,BR-401,151,152,1,"73,75"
RR,BR-401,152,153,1,"73,75"
RR,BR-401,153,154,1,"72,5"
RR,BR-401,154,155,1,"72,5"
RR,BR-401,155,156,1,70
RR,BR-401,156,157,1,70
RR,BR-401,157,158,1,"72,5"
RR,BR-401,158,159,1,"73,75"
RR,BR-401,159,160,1,"76,25"
RR,BR-401,160,161,1,"83,75"
RR,BR-401,161,162,1,"76,25"
RR,BR-401,162,163,1,"73,75"
RR,BR-401,163,164,1,"73,75"
RR,BR-401,164,165,1,70
RR,BR-401,165,166,1,"72,5"
RR,BR-401,166,167,1,"73,75"
RR,BR-401,167,168,1,"73,75"
RR,BR-401,168,169,1,"72,5"
RR,BR-401,169,170,1,"72,5"
RR,BR-401,170,171,1,"72,5"
RR,BR-401,171,172,1,"72,5"
RR,BR-401,172,173,1,"72,5"
RR,BR-401,173,174,1,"72,5"
RR,BR-401,174,175,1,"72,5"
RR,BR-401,175,176,1,"72,5"
RR,BR-401,176,177,1,"72,5"
RR,BR-210,"315,4",316,"0,6","56,25"
RR,BR-210,316,317,1,"78,75"
RR,BR-210,317,318,1,75
RR,BR-210,318,319,1,"71,25"
RR,BR-210,319,320,1,65
RR,BR-210,320,321,1,"58,75"
RR,BR-210,321,322,1,"58,75"
RR,BR-210,322,323,1,"82,5"
RR,BR-210,323,324,1,"66,25"
RR,BR-210,324,325,1,"68,75"
RR,BR-210,325,326,1,"66,25"
RR,BR-210,326,327,1,"58,75"
RR,BR-210,327,328,1,"61,25"
RR,BR-210,328,329,1,"47,5"
RR,BR-210,329,330,1,"47,5"
RR,BR-210,330,331,1,"47,5"
RR,BR-210,331,332,1,"58,75"
RR,BR-210,332,333,1,55
RR,BR-210,333,334,1,"51,25"
RR,BR-210,334,335,1,"51,25"
RR,BR-210,335,336,1,"51,25"
RR,BR-210,336,337,1,"58,75"
RR,BR-210,337,338,1,"61,25"
RR,BR-210,338,339,1,"61,25"
RR,BR-210,339,340,1,"62,5"
RR,BR-210,340,341,1,55
RR,BR-210,341,342,1,"43,75"
RR,BR-210,342,343,1,"57,5"
RR,BR-210,343,344,1,40
PA,BR-222,"801,55",802,"0,45","56,25"
PA,BR-222,802,803,1,"48,75"
PA,BR-222,803,804,1,"37,5"
PA,BR-163,"831,4",832,"0,6","28,75"
BA,BR-030,"238,4",237,"1,4","71,25"
BA,BR-030,237,236,1,"51,25"
BA,BR-030,236,235,1,"71,25"
BA,BR-030,235,234,1,"76,25"
BA,BR-030,234,233,1,"82,5"
BA,BR-030,233,232,1,"87,5"
BA,BR-030,232,231,1,70
BA,BR-030,231,230,1,"53,75"
BA,BR-030,230,229,1,"68,75"
BA,BR-030,229,228,1,"78,75"
BA,BR-030,228,227,1,65
BA,BR-030,227,226,1,"67,5"
BA,BR-030,226,225,1,40
BA,BR-030,225,224,1,35
BA,BR-030,224,223,1,60
BA,BR-030,223,222,1,40
BA,BR-030,222,221,1,25
BA,BR-030,221,220,1,60
BA,BR-030,220,219,1,"61,25"
BA,BR-030,219,218,1,45
BA,BR-030,218,217,1,25
BA,BR-030,217,216,1,"32,5"
BA,BR-030,216,215,1,"57,5"
BA,BR-030,215,214,1,"47,5"
BA,BR-030,214,213,1,65
BA,BR-030,213,212,1,"57,5"
BA,BR-030,212,211,1,"57,5"
BA,BR-030,211,210,1,"61,25"
BA,BR-030,210,209,1,"36,25"
BA,BR-030,209,208,1,"57,5"
BA,BR-030,208,207,1,65
BA,BR-030,207,206,1,"57,5"
BA,BR-030,206,205,1,"37,5"
BA,BR-030,205,204,1,50
BA,BR-030,204,203,1,25
BA,BR-030,203,202,1,55
BA,BR-030,202,201,1,"36,25"
BA,BR-030,201,200,1,"51,25"
BA,BR-030,200,199,1,"57,5"
BA,BR-030,199,198,1,50
BA,BR-030,198,197,1,"21,25"
BA,BR-030,197,196,1,"52,5"
BA,BR-030,196,195,1,"46,25"
BA,BR-030,195,194,1,"58,75"
BA,BR-030,194,193,1,"58,75"
BA,BR-030,193,192,1,45
BA,BR-030,192,191,1,45
PA,BR-163,"675,4",676,"0,6","46,25"
PA,BR-163,676,677,1,75
PA,BR-163,677,678,1,"82,5"
PA,BR-163,678,679,1,"82,5"
PA,BR-163,679,680,1,"82,5"
PA,BR-163,680,681,1,"82,5"
PA,BR-163,681,682,1,"82,5"
PA,BR-163,682,683,1,"82,5"
PA,BR-163,683,684,1,100
PA,BR-163,684,685,1,100
PA,BR-163,685,686,1,100
PA,BR-163,686,687,1,"82,5"
PA,BR-163,687,688,1,"82,5"
PA,BR-163,688,689,1,"82,5"
PA,BR-163,689,690,1,100
PA,BR-163,690,691,1,"82,5"
PA,BR-163,691,692,1,"82,5"
PA,BR-163,692,693,1,"86,25"
PA,BR-163,693,694,1,"93,75"
PA,BR-163,694,695,1,"93,75"
PA,BR-163,695,696,1,"97,5"
PA,BR-163,696,697,1,"93,75"
PA,BR-163,697,698,1,"97,5"
PA,BR-163,698,699,1,"97,5"
PA,BR-163,699,700,1,"97,5"
PA,BR-163,700,701,1,"97,5"
PA,BR-163,701,702,1,"97,5"
PA,BR-163,"719,31",720,"0,69","97,5"
PA,BR-163,720,721,1,"82,5"
PA,BR-163,721,722,1,"93,75"
PA,BR-163,"729,84",730,"0,16","97,5"
PA,BR-163,730,731,1,"97,5"
PA,BR-163,731,732,1,"97,5"
PA,BR-163,732,733,1,"97,5"
PA,BR-163,733,734,1,"82,5"
PA,BR-163,734,735,1,"82,5"
PA,BR-163,7444,"744,3","6699,7","82,5"
PA,BR-163,"774,19",775,"0,81","97,5"
PA,BR-163,775,776,1,"97,5"
PA,BR-163,"782,2",783,"0,8","82,5"
RR,BR-432,36,35,1,"52,5"
RR,BR-432,35,34,1,"52,5"
RR,BR-432,34,33,1,50
RR,BR-432,33,32,1,"52,5"
RR,BR-432,32,31,1,"52,5"
RR,BR-432,31,30,1,50
RR,BR-432,30,29,1,50
RR,BR-432,29,28,1,50
RR,BR-432,28,27,1,50
RR,BR-432,27,26,1,50
RR,BR-432,26,25,1,50
RR,BR-432,25,24,1,50
RR,BR-432,24,23,1,50
RR,BR-432,23,22,1,50
RR,BR-432,22,21,1,50
RR,BR-432,21,20,1,"66,25"
RR,BR-432,20,19,1,50
RR,BR-432,19,18,1,50
RR,BR-432,18,17,1,50
RR,BR-432,17,16,1,50
RR,BR-432,16,15,1,60
RR,BR-432,15,14,1,50
RR,BR-432,14,13,1,50
BA,BR-030,"852,3",853,"0,7","72,5"
BA,BR-030,853,854,1,"72,5"
BA,BR-030,854,855,1,"76,25"
BA,BR-030,855,856,1,90
BA,BR-030,856,857,1,90
BA,BR-030,857,858,1,90
BA,BR-030,858,859,1,90
BA,BR-030,859,860,1,90
BA,BR-030,860,861,1,90
BA,BR-030,861,862,1,90
BA,BR-030,862,863,1,90
BA,BR-030,863,864,1,90
BA,BR-030,864,865,1,90
BA,BR-030,865,866,1,90
BA,BR-030,866,867,1,"82,5"
BA,BR-030,867,868,1,"82,5"
BA,BR-030,868,869,1,90
BA,BR-030,869,870,1,90
BA,BR-030,870,871,1,90
BA,BR-030,871,872,1,90
BA,BR-030,872,873,1,"82,5"
BA,BR-030,873,874,1,90
BA,BR-030,874,875,1,"87,5"
BA,BR-030,875,876,1,90
BA,BR-030,876,877,1,90
BA,BR-030,877,878,1,"93,75"
BA,BR-030,878,879,1,90
BA,BR-030,879,880,1,"82,5"
BA,BR-030,880,881,1,"93,75"
BA,BR-030,881,882,1,90
BA,BR-030,882,883,1,"97,5"
BA,BR-030,883,884,1,"97,5"
BA,BR-030,884,885,1,"97,5"
BA,BR-030,885,886,1,"97,5"
BA,BR-030,886,887,1,"97,5"
BA,BR-030,887,888,1,90
BA,BR-030,888,889,1,"91,25"
BA,BR-030,889,890,1,"91,25"
BA,BR-030,890,891,1,"91,25"
BA,BR-030,891,892,1,"93,75"
BA,BR-030,892,893,1,"97,5"
BA,BR-030,893,894,1,"97,5"
BA,BR-030,894,895,1,"93,75"
BA,BR-030,895,896,1,"93,75"
BA,BR-030,896,897,1,"97,5"
BA,BR-030,897,898,1,"97,5"
BA,BR-030,898,899,1,90
BA,BR-030,899,900,1,90
BA,BR-030,900,901,1,"93,75"
BA,BR-030,901,902,1,"93,75"
BA,BR-030,902,903,1,"86,25"
BA,BR-030,903,904,1,"93,75"
BA,BR-030,904,905,1,90
BA,BR-030,905,906,1,90
BA,BR-030,906,907,1,90
BA,BR-030,907,908,1,"83,75"
BA,BR-030,908,909,1,"87,5"
BA,BR-030,909,910,1,"83,75"
BA,BR-030,910,911,1,"81,25"
BA,BR-030,911,912,1,"87,5"
BA,BR-030,912,913,1,"87,5"
BA,BR-030,913,914,1,"87,5"
BA,BR-030,914,915,1,"87,5"
BA,BR-030,915,916,1,"83,75"
BA,BR-030,916,917,1,"87,5"
BA,BR-030,917,918,1,"81,25"
BA,BR-030,918,919,1,"76,25"
BA,BR-030,919,920,1,"66,25"
BA,BR-030,920,921,1,"76,25"
BA,BR-030,921,922,1,70
BA,BR-030,922,923,1,"66,25"
AP,BR-156,"28,5",29,"0,5",5
AP,BR-156,29,30,1,5
AP,BR-156,30,31,1,"38,75"
AP,BR-156,31,32,1,"43,75"
AP,BR-156,32,33,1,"43,75"
AP,BR-156,33,34,1,"43,75"
AP,BR-156,34,35,1,"42,5"
AP,BR-156,35,36,1,"42,5"
AP,BR-156,36,37,1,"42,5"
AP,BR-156,37,38,1,"42,5"
AP,BR-156,38,39,1,"42,5"
AP,BR-156,39,40,1,"42,5"
AP,BR-156,40,41,1,"42,5"
AP,BR-156,41,42,1,"42,5"
AP,BR-156,42,43,1,"43,75"
AP,BR-156,43,44,1,"43,75"
AP,BR-156,44,45,1,"42,5"
AP,BR-156,45,46,1,"42,5"
AP,BR-156,46,47,1,"42,5"
AP,BR-156,47,48,1,"43,75"
AP,BR-156,48,49,1,"42,5"
AP,BR-156,49,50,1,"43,75"
AP,BR-156,50,51,1,"43,75"
AP,BR-156,51,52,1,"43,75"
AP,BR-156,52,53,1,"42,5"
AP,BR-156,53,54,1,"43,75"
AP,BR-156,54,55,1,"42,5"
AP,BR-156,55,56,1,"42,5"
AP,BR-156,56,57,1,"42,5"
AP,BR-156,57,58,1,"42,5"
AP,BR-156,58,59,1,"42,5"
AP,BR-156,59,60,1,"42,5"
AP,BR-156,60,61,1,"38,75"
AP,BR-156,61,62,1,"38,75"
AP,BR-156,62,63,1,"38,75"
AP,BR-156,63,64,1,"38,75"
AP,BR-156,64,65,1,"38,75"
AP,BR-156,65,66,1,"38,75"
AP,BR-156,66,67,1,"38,75"
AP,BR-156,67,68,1,"38,75"
AP,BR-156,68,69,1,"38,75"
AP,BR-156,69,70,1,"38,75"
AP,BR-156,70,71,1,"38,75"
AP,BR-156,71,72,1,"38,75"
AP,BR-156,72,73,1,"31,25"
AP,BR-156,73,74,1,"31,25"
AP,BR-156,74,75,1,"31,25"
AP,BR-156,75,76,1,"38,75"
AP,BR-156,76,77,1,"38,75"
AP,BR-156,77,78,1,"38,75"
AP,BR-156,78,79,1,"38,75"
AP,BR-156,79,80,1,"38,75"
AP,BR-156,80,81,1,"38,75"
AP,BR-156,81,82,1,"38,75"
AP,BR-156,82,83,1,"38,75"
AP,BR-156,83,84,1,"38,75"
AP,BR-156,84,85,1,"38,75"
AP,BR-156,85,86,1,"38,75"
AP,BR-156,86,87,1,"38,75"
AP,BR-156,87,88,1,"31,25"
AP,BR-156,88,89,1,"38,75"
AP,BR-156,89,90,1,"38,75"
AP,BR-156,90,91,1,"38,75"
AP,BR-156,91,92,1,"38,75"
AP,BR-156,92,93,1,"31,25"
AP,BR-156,93,94,1,"38,75"
AP,BR-156,94,95,1,"38,75"
AP,BR-156,95,96,1,"38,75"
AP,BR-156,96,97,1,"38,75"
AP,BR-156,97,98,1,"31,25"
AP,BR-156,98,99,1,"38,75"
AP,BR-156,99,100,1,"38,75"
AP,BR-156,100,101,1,"38,75"
AP,BR-156,101,102,1,"38,75"
AP,BR-156,102,103,1,"38,75"
AP,BR-156,103,104,1,"38,75"
AP,BR-156,104,105,1,"31,25"
AP,BR-156,105,106,1,"31,25"
AP,BR-156,106,107,1,"31,25"
AP,BR-156,107,108,1,"31,25"
AP,BR-156,108,109,1,"31,25"
AP,BR-156,109,110,1,"31,25"
AP,BR-156,110,111,1,"31,25"
AP,BR-156,111,112,1,"31,25"
AP,BR-156,112,113,1,"31,25"
AP,BR-156,113,114,1,"31,25"
AP,BR-156,114,115,1,"31,25"
AP,BR-156,115,116,1,"31,25"
AP,BR-156,116,117,1,"31,25"
AP,BR-156,117,118,1,"38,75"
AP,BR-156,118,119,1,"38,75"
AP,BR-156,119,120,1,"38,75"
AP,BR-156,120,121,1,"38,75"
AP,BR-156,121,122,1,"38,75"
AP,BR-156,122,123,1,"38,75"
AP,BR-156,123,124,1,"38,75"
AP,BR-156,124,125,1,"38,75"
AP,BR-156,125,126,1,"38,75"
AP,BR-156,126,127,1,"38,75"
AP,BR-156,127,128,1,"38,75"
AP,BR-156,128,129,1,"38,75"
AP,BR-156,129,130,1,"38,75"
AP,BR-156,130,131,1,"38,75"
AP,BR-156,131,132,1,"38,75"
AP,BR-156,132,133,1,"38,75"
AP,BR-156,133,134,1,"38,75"
AP,BR-156,134,135,1,"38,75"
AP,BR-156,135,136,1,"38,75"
AP,BR-156,136,137,1,"38,75"
AP,BR-156,137,138,1,"38,75"
AP,BR-156,138,139,1,"38,75"
AP,BR-156,139,140,1,"38,75"
AP,BR-156,140,141,1,"31,25"
AP,BR-156,141,142,1,"38,75"
AP,BR-156,142,143,1,"32,5"
AP,BR-156,143,144,1,"32,5"
AP,BR-156,144,145,1,"32,5"
AP,BR-156,145,146,1,"32,5"
AP,BR-156,146,147,1,"32,5"
AP,BR-156,147,148,1,"32,5"
AP,BR-156,148,149,1,"31,25"
AP,BR-156,149,150,1,"32,5"
AP,BR-156,150,151,1,"32,5"
AP,BR-156,151,152,1,"38,75"
AP,BR-156,152,153,1,40
AP,BR-156,153,154,1,40
AP,BR-156,154,155,1,40
AP,BR-156,155,156,1,40
AP,BR-156,156,157,1,40
AP,BR-156,157,158,1,40
AP,BR-156,158,159,1,40
AP,BR-156,159,160,1,40
AP,BR-156,160,161,1,40
AP,BR-156,161,162,1,40
AP,BR-156,162,163,1,"38,75"
AP,BR-156,163,164,1,40
AP,BR-156,164,"164,2","0,2",40
AP,BR-156,"164,2",165,"0,8","76,25"
AP,BR-156,165,166,1,"76,25"
AP,BR-156,166,167,1,"76,25"
AP,BR-156,167,168,1,"87,5"
AP,BR-156,168,169,1,"87,5"
AP,BR-156,169,170,1,"76,25"
AP,BR-156,170,171,1,"76,25"
AP,BR-156,171,172,1,"76,25"
AP,BR-156,172,173,1,"76,25"
AP,BR-156,173,174,1,"76,25"
AP,BR-156,174,175,1,90
AP,BR-156,175,176,1,"82,5"
AP,BR-156,176,177,1,90
AP,BR-156,177,178,1,90
AP,BR-156,178,179,1,90
AP,BR-156,179,180,1,90
AP,BR-156,180,181,1,90
AP,BR-156,181,182,1,90
AP,BR-156,182,183,1,90
AP,BR-156,183,184,1,90
AP,BR-156,184,185,1,90
AP,BR-156,185,186,1,90
AP,BR-156,186,187,1,90
AP,BR-156,187,188,1,90
AP,BR-156,188,189,1,90
AP,BR-156,189,190,1,90
AP,BR-156,190,191,1,90
AP,BR-156,191,192,1,90
AP,BR-156,192,193,1,90
AP,BR-156,193,194,1,90
AP,BR-156,194,195,1,90
AP,BR-156,195,196,1,90
AP,BR-156,196,197,1,90
AP,BR-156,197,198,1,90
AP,BR-156,198,199,1,90
AP,BR-156,199,200,1,90
AP,BR-156,200,201,1,"92,5"
AP,BR-156,201,202,1,90
AP,BR-156,202,203,1,90
AP,BR-156,203,204,1,90
AP,BR-156,204,205,1,90
AP,BR-156,205,206,1,90
AP,BR-156,206,207,1,90
AP,BR-156,207,208,1,90
AP,BR-156,208,209,1,90
AP,BR-156,209,210,1,90
AP,BR-156,210,211,1,90
AP,BR-156,211,212,1,90
AP,BR-156,212,"212,15","0,15",90
AP,BR-156,"212,15",213,"0,85","76,25"
AP,BR-156,213,214,1,"67,5"
AP,BR-156,214,215,1,75
AP,BR-156,215,216,1,75
AP,BR-156,216,217,1,75
AP,BR-156,217,218,1,"81,25"
AP,BR-156,218,219,1,75
AP,BR-156,219,220,1,"68,75"
AP,BR-156,220,221,1,"68,75"
AP,BR-156,221,222,1,"68,75"
AP,BR-156,222,223,1,"68,75"
AP,BR-156,223,224,1,"68,75"
AP,BR-156,224,225,1,"68,75"
AP,BR-156,225,226,1,"68,75"
AP,BR-156,226,227,1,"68,75"
AP,BR-156,227,228,1,"68,75"
AP,BR-156,228,229,1,"68,75"
AP,BR-156,229,230,1,70
AP,BR-156,230,231,1,"68,75"
AP,BR-156,231,232,1,"68,75"
AP,BR-156,232,233,1,"68,75"
AP,BR-156,233,234,1,"68,75"
AP,BR-156,234,235,1,"68,75"
AP,BR-156,235,236,1,"68,75"
AP,BR-156,236,237,1,"68,75"
AP,BR-156,237,238,1,"68,75"
AP,BR-156,238,239,1,"68,75"
AP,BR-156,239,240,1,"68,75"
AP,BR-156,240,241,1,"68,75"
AP,BR-156,241,242,1,"68,75"
AP,BR-156,242,243,1,"68,75"
AP,BR-156,243,244,1,"68,75"
AP,BR-156,244,245,1,"68,75"
AP,BR-156,245,246,1,"68,75"
AP,BR-156,246,247,1,"68,75"
AP,BR-156,247,248,1,"68,75"
AP,BR-156,248,249,1,"68,75"
AP,BR-156,249,250,1,"68,75"
AP,BR-156,250,251,1,"68,75"
AP,BR-156,251,252,1,"68,75"
AP,BR-156,252,253,1,"68,75"
AP,BR-156,253,254,1,"68,75"
AP,BR-156,254,255,1,"68,75"
AP,BR-156,255,256,1,70
AP,BR-156,256,257,1,70
AP,BR-156,257,258,1,"68,75"
AP,BR-156,258,259,1,"61,25"
AP,BR-156,259,260,1,"61,25"
AP,BR-156,260,261,1,"61,25"
AP,BR-156,261,262,1,"61,25"
AP,BR-156,262,263,1,"61,25"
AP,BR-156,263,264,1,"61,25"
AP,BR-156,264,265,1,"61,25"
AP,BR-156,265,266,1,"61,25"
AP,BR-156,266,267,1,"61,25"
AP,BR-156,267,268,1,"61,25"
AP,BR-156,268,269,1,"61,25"
AP,BR-156,269,270,1,"61,25"
AP,BR-156,270,271,1,"61,25"
AP,BR-156,271,"271,2","0,2","61,25"
AM,BR-319,"589,4",588,"1,4",50
AM,BR-319,588,587,1,50
AM,BR-319,587,586,1,85
AM,BR-319,586,585,1,85
AM,BR-319,585,584,1,85
AM,BR-319,584,583,1,90
AM,BR-319,583,582,1,85
AM,BR-319,582,581,1,85
AM,BR-319,581,580,1,85
AM,BR-319,580,579,1,85
AM,BR-319,579,578,1,85
AM,BR-319,578,577,1,85
AM,BR-319,577,576,1,90
AM,BR-319,576,575,1,90
AM,BR-319,575,574,1,85
AM,BR-319,574,573,1,85
AM,BR-319,573,572,1,85
AM,BR-319,572,571,1,85
AM,BR-319,571,570,1,85
AM,BR-319,570,569,1,85
AM,BR-319,569,568,1,85
AM,BR-319,568,567,1,85
AM,BR-319,567,566,1,85
AM,BR-319,566,565,1,85
AM,BR-319,565,564,1,85
AM,BR-319,564,563,1,85
AM,BR-319,563,562,1,85
AM,BR-319,562,561,1,85
AM,BR-319,561,560,1,85
AM,BR-319,560,559,1,85
AM,BR-319,559,558,1,85
AM,BR-319,558,557,1,85
AM,BR-319,557,556,1,85
AM,BR-319,556,555,1,85
AM,BR-319,555,554,1,85
AM,BR-319,554,553,1,85
AM,BR-319,553,552,1,85
AM,BR-319,552,551,1,85
AM,BR-319,551,550,1,85
AM,BR-319,550,549,1,85
AM,BR-319,549,548,1,85
AM,BR-319,548,547,1,90
AM,BR-319,547,546,1,90
AM,BR-319,546,545,1,85
AM,BR-319,545,544,1,90
AM,BR-319,544,543,1,85
AM,BR-319,543,542,1,85
AM,BR-319,542,541,1,85
AM,BR-319,541,540,1,85
AM,BR-319,540,539,1,85
AM,BR-319,539,538,1,90
AM,BR-319,538,537,1,85
AM,BR-319,537,536,1,90
AM,BR-319,536,535,1,90
AM,BR-319,535,534,1,90
AM,BR-319,534,533,1,85
AM,BR-319,533,532,1,85
AM,BR-319,532,531,1,85
AM,BR-319,531,530,1,90
AM,BR-319,530,529,1,85
AM,BR-319,529,528,1,90
AM,BR-319,528,527,1,90
AM,BR-319,527,526,1,90
AM,BR-319,526,525,1,85
AM,BR-319,525,524,1,85
AM,BR-319,524,523,1,85
AM,BR-319,523,522,1,85
AM,BR-319,522,521,1,90
AM,BR-319,521,520,1,85
AM,BR-319,520,519,1,85
AM,BR-319,519,518,1,85
AM,BR-319,518,517,1,85
AM,BR-319,517,516,1,85
AM,BR-319,516,515,1,85
AM,BR-319,515,514,1,85
AM,BR-319,514,"513,8","0,2",85
AM,BR-319,631,630,1,"77,5"
AM,BR-319,630,629,1,85
AM,BR-319,629,628,1,85
AM,BR-319,628,627,1,85
AM,BR-319,627,626,1,85
AM,BR-319,626,625,1,85
AM,BR-319,625,624,1,85
AM,BR-319,624,623,1,85
AM,BR-319,623,622,1,85
AM,BR-319,622,621,1,90
AM,BR-319,621,620,1,90
AM,BR-319,620,619,1,"77,5"
AM,BR-319,619,618,1,90
AM,BR-319,618,617,1,90
AM,BR-319,617,616,1,85
AM,BR-319,616,615,1,90
AM,BR-319,615,614,1,90
AM,BR-319,614,613,1,90
AM,BR-319,613,612,1,90
AM,BR-319,612,611,1,90
AM,BR-319,611,610,1,90
AM,BR-319,610,609,1,90
AM,BR-319,609,608,1,90
AM,BR-319,608,607,1,90
AM,BR-319,607,606,1,90
AM,BR-319,606,605,1,90
AM,BR-319,605,604,1,85
AM,BR-319,604,603,1,85
AM,BR-319,603,602,1,85
AM,BR-319,602,601,1,85
AM,BR-319,601,600,1,85
AM,BR-319,600,599,1,85
AM,BR-319,599,598,1,85
AM,BR-319,598,597,1,90
AM,BR-319,597,596,1,85
AM,BR-319,596,595,1,85
AM,BR-319,595,594,1,90
AM,BR-319,594,593,1,85
AM,BR-319,593,592,1,85
AM,BR-319,592,591,1,"72,5"
AM,BR-319,591,590,1,90
AM,BR-319,590,"589,4","0,6",90
AP,BR-156,"659,44",660,"0,56","61,25"
AP,BR-156,660,661,1,"32,5"
AP,BR-156,661,662,1,45
AP,BR-156,662,663,1,35
AP,BR-156,663,664,1,35
AP,BR-156,664,665,1,"36,25"
AP,BR-156,665,666,1,"36,25"
AP,BR-156,666,667,1,35
AP,BR-156,667,668,1,35
AP,BR-156,668,669,1,"53,75"
AP,BR-156,669,670,1,"32,5"
AP,BR-156,670,671,1,45
AP,BR-156,671,672,1,"51,25"
AP,BR-156,672,673,1,25
AP,BR-156,673,674,1,"32,5"
AP,BR-156,674,675,1,"32,5"
AP,BR-156,675,676,1,"51,25"
AP,BR-156,676,677,1,"51,25"
AP,BR-156,677,678,1,"51,25"
AP,BR-156,678,679,1,"51,25"
AP,BR-156,679,680,1,45
AP,BR-156,680,681,1,"51,25"
AP,BR-156,681,682,1,55
AP,BR-156,682,683,1,"48,75"
AP,BR-156,683,684,1,"51,25"
AP,BR-156,684,685,1,"58,75"
AP,BR-156,685,686,1,"51,25"
AP,BR-156,686,687,1,"51,25"
AP,BR-156,687,688,1,65
AP,BR-156,688,689,1,"51,25"
AP,BR-156,689,690,1,"57,5"
AP,BR-156,690,691,1,"67,5"
AP,BR-156,691,692,1,"53,75"
AP,BR-156,692,693,1,75
AP,BR-156,693,694,1,"57,5"
AP,BR-156,694,695,1,60
AP,BR-156,695,696,1,60
AP,BR-156,696,697,1,"67,5"
AP,BR-156,697,698,1,"57,5"
AP,BR-156,698,699,1,"57,5"
AP,BR-156,699,700,1,"57,5"
AP,BR-156,700,701,1,"58,75"
AP,BR-156,701,702,1,"43,75"
AP,BR-156,702,703,1,"51,25"
AP,BR-156,703,704,1,50
AP,BR-156,704,705,1,"61,25"
AP,BR-156,705,706,1,"51,25"
AP,BR-156,706,707,1,60
AP,BR-156,707,708,1,"57,5"
AP,BR-156,708,709,1,"57,5"
AP,BR-156,709,710,1,65
AP,BR-156,710,711,1,"57,5"
AP,BR-156,711,712,1,"57,5"
AP,BR-156,712,713,1,"57,5"
AP,BR-156,713,714,1,50
AP,BR-156,714,715,1,50
AP,BR-156,715,716,1,60
AP,BR-156,716,717,1,"57,5"
AP,BR-156,717,718,1,50
AP,BR-156,718,719,1,50
AP,BR-156,719,720,1,"57,5"
AP,BR-156,720,721,1,60
AP,BR-156,721,722,1,"57,5"
AP,BR-156,722,723,1,"57,5"
AP,BR-156,723,724,1,"68,75"
AP,BR-156,724,725,1,"71,25"
AP,BR-156,725,726,1,"68,75"
AP,BR-156,726,727,1,"68,75"
AP,BR-156,727,728,1,"68,75"
AP,BR-156,728,729,1,"66,25"
AP,BR-156,729,730,1,"66,25"
AP,BR-156,730,731,1,"66,25"
AP,BR-156,731,732,1,"62,5"
AP,BR-156,732,733,1,"58,75"
AP,BR-156,733,734,1,"58,75"
AP,BR-156,734,735,1,"58,75"
AP,BR-156,735,736,1,"52,5"
AP,BR-156,736,737,1,"58,75"
AP,BR-156,737,738,1,"71,25"
AP,BR-156,738,739,1,"61,25"
AP,BR-156,739,740,1,25
AP,BR-156,740,741,1,"58,75"
AP,BR-156,741,742,1,"62,5"
AP,BR-156,742,743,1,"62,5"
AP,BR-156,743,744,1,"71,25"
AP,BR-156,744,745,1,65
AP,BR-156,745,746,1,"53,75"
AP,BR-156,746,747,1,"71,25"
AP,BR-156,747,748,1,75
AP,BR-156,748,749,1,"68,75"
AP,BR-156,749,750,1,"68,75"
AP,BR-156,750,751,1,"76,25"
AP,BR-156,751,752,1,70
AP,BR-156,752,753,1,"71,25"
AP,BR-156,753,754,1,"57,5"
AP,BR-156,754,755,1,"68,75"
AP,BR-156,755,756,1,"66,25"
AP,BR-156,756,757,1,"68,75"
AP,BR-156,757,758,1,"72,5"
AP,BR-156,758,759,1,"66,25"
AP,BR-156,759,760,1,"72,5"
AP,BR-156,760,761,1,"72,5"
AP,BR-156,761,762,1,"76,25"
AP,BR-156,762,763,1,"76,25"
AP,BR-156,763,764,1,"66,25"
AP,BR-156,764,765,1,"66,25"
AP,BR-156,765,766,1,"72,5"
AP,BR-156,766,767,1,"72,5"
AP,BR-156,767,768,1,80
AP,BR-156,768,769,1,80
AP,BR-156,769,770,1,"76,25"
RR,BR-210,"89,5",88,"1,5","88,75"
RR,BR-210,88,87,1,"92,5"
RR,BR-210,87,86,1,"92,5"
RR,BR-210,86,85,1,"92,5"
RR,BR-210,85,84,1,"92,5"
RR,BR-210,84,83,1,"92,5"
RR,BR-210,83,82,1,"88,75"
RR,BR-210,82,81,1,"88,75"
RR,BR-210,81,80,1,"88,75"
RR,BR-210,80,79,1,"92,5"
RR,BR-210,79,78,1,"92,5"
RR,BR-210,78,77,1,"92,5"
RR,BR-210,77,76,1,"88,75"
RR,BR-210,76,75,1,75
RR,BR-210,75,74,1,75
RR,BR-210,74,73,1,"61,25"
RR,BR-210,73,72,1,75
RR,BR-210,72,71,1,"57,5"
RR,BR-210,71,70,1,75
RR,BR-210,70,69,1,75
RR,BR-210,69,68,1,75
RR,BR-210,68,67,1,75
RR,BR-210,67,66,1,75
RR,BR-210,66,65,1,"88,75"
RR,BR-210,65,64,1,85
RR,BR-210,64,63,1,"82,5"
RR,BR-210,63,62,1,"82,5"
RR,BR-210,62,61,1,75
RR,BR-210,61,60,1,"88,75"
RR,BR-210,60,59,1,75
RR,BR-210,59,58,1,"82,5"
RR,BR-210,58,57,1,"88,75"
RR,BR-210,57,56,1,"92,5"
RR,BR-210,56,55,1,75
RR,BR-210,55,54,1,75
RR,BR-210,54,53,1,75
RR,BR-210,53,52,1,75
RR,BR-210,52,51,1,"88,75"
RR,BR-210,51,50,1,75
RR,BR-210,50,49,1,75
RR,BR-210,49,48,1,75
RR,BR-210,48,47,1,75
RR,BR-210,47,46,1,75
RR,BR-210,46,45,1,75
RR,BR-210,45,44,1,75
BA,BR-030,"703,7",702,"1,7",75
BA,BR-030,702,701,1,75
BA,BR-030,701,700,1,75
BA,BR-030,700,699,1,75
BA,BR-030,699,698,1,75
BA,BR-030,698,697,1,75
BA,BR-030,697,696,1,75
BA,BR-030,696,695,1,75
BA,BR-030,695,694,1,75
BA,BR-030,694,693,1,75
BA,BR-030,693,692,1,75
BA,BR-030,692,691,1,75
BA,BR-030,691,690,1,75
BA,BR-030,690,689,1,75
BA,BR-030,689,688,1,75
BA,BR-030,688,687,1,75
BA,BR-030,687,686,1,75
BA,BR-030,686,685,1,75
BA,BR-030,685,684,1,75
BA,BR-030,684,683,1,75
BA,BR-030,683,682,1,75
BA,BR-030,682,681,1,75
BA,BR-030,681,680,1,75
BA,BR-030,680,679,1,75
BA,BR-030,679,678,1,0
BA,BR-030,678,677,1,0
BA,BR-030,677,676,1,0
BA,BR-030,676,675,1,0
BA,BR-030,675,674,1,0
BA,BR-030,674,673,1,0
BA,BR-030,673,672,1,0
BA,BR-030,672,671,1,0
BA,BR-030,671,670,1,0
BA,BR-030,670,669,1,0
BA,BR-030,669,668,1,0
BA,BR-030,668,667,1,0
BA,BR-030,667,666,1,0
BA,BR-030,666,665,1,0
BA,BR-030,665,664,1,0
BA,BR-030,664,663,1,0
BA,BR-030,663,662,1,0
BA,BR-030,662,661,1,0
BA,BR-030,661,660,1,0
BA,BR-030,660,659,1,0
BA,BR-030,659,658,1,0
BA,BR-030,658,657,1,0
BA,BR-030,657,656,1,0
BA,BR-030,656,655,1,0
BA,BR-030,655,654,1,0
BA,BR-030,654,653,1,0
BA,BR-030,653,652,1,0
BA,BR-030,652,651,1,0
BA,BR-030,651,650,1,0
BA,BR-030,650,649,1,0
BA,BR-030,649,648,1,0
BA,BR-030,648,647,1,0
BA,BR-030,647,646,1,0
BA,BR-030,646,645,1,0
BA,BR-030,645,644,1,0
BA,BR-030,644,643,1,0
BA,BR-030,643,642,1,0
BA,BR-030,642,641,1,0
BA,BR-030,641,640,1,75
BA,BR-030,640,639,1,75
BA,BR-030,639,638,1,75
BA,BR-030,638,637,1,75
BA,BR-030,637,636,1,"81,25"
BA,BR-030,636,635,1,75
BA,BR-030,635,634,1,75
BA,BR-030,634,633,1,85
BA,BR-030,633,632,1,75
BA,BR-030,632,631,1,75
BA,BR-030,631,630,1,75
BA,BR-030,630,629,1,75
BA,BR-030,629,628,1,75
BA,BR-030,628,627,1,75
BA,BR-030,627,626,1,75
BA,BR-030,626,625,1,75
BA,BR-030,625,624,1,75
BA,BR-030,624,623,1,75
BA,BR-030,623,622,1,75
BA,BR-030,622,621,1,75
BA,BR-030,621,620,1,75
BA,BR-030,620,619,1,75
BA,BR-030,619,618,1,75
BA,BR-030,618,617,1,75
BA,BR-030,617,616,1,75
BA,BR-030,616,615,1,75
BA,BR-030,615,614,1,"81,25"
BA,BR-030,614,613,1,75
BA,BR-030,613,612,1,75
BA,BR-030,612,611,1,75
BA,BR-030,611,610,1,75
BA,BR-030,610,609,1,75
BA,BR-030,609,608,1,75
BA,BR-030,608,607,1,75
BA,BR-030,607,606,1,75
BA,BR-030,606,605,1,100
BA,BR-030,605,604,1,100
BA,BR-030,604,603,1,75
BA,BR-030,603,602,1,75
BA,BR-030,602,601,1,75
BA,BR-030,601,600,1,75
BA,BR-030,600,599,1,75
BA,BR-030,599,598,1,75
BA,BR-030,598,597,1,75
BA,BR-030,597,596,1,75
BA,BR-030,596,595,1,75
BA,BR-030,595,594,1,75
BA,BR-030,594,593,1,75
BA,BR-030,593,592,1,75
BA,BR-030,592,591,1,75
BA,BR-030,591,590,1,75
BA,BR-030,590,589,1,60
BA,BR-030,589,588,1,"72,5"
BA,BR-030,588,587,1,0
MS,BR-419,64,65,1,50
MS,BR-419,65,66,1,"51,25"
MS,BR-419,66,67,1,"51,25"
MS,BR-419,67,68,1,"23,75"
MS,BR-419,68,69,1,"47,5"
MS,BR-419,69,70,1,"36,25"
MS,BR-419,70,71,1,"43,75"
MS,BR-419,71,72,1,"47,5"
MS,BR-419,72,73,1,"43,75"
MS,BR-419,73,74,1,"36,25"
MS,BR-419,74,75,1,"43,75"
MS,BR-419,75,76,1,"36,25"
MS,BR-419,76,77,1,"36,25"
MS,BR-419,77,78,1,"36,25"
MS,BR-419,78,79,1,"36,25"
MS,BR-419,79,80,1,"36,25"
MS,BR-419,80,81,1,"36,25"
MS,BR-419,81,82,1,"36,25"
MS,BR-419,82,83,1,"36,25"
MS,BR-419,83,84,1,"43,75"
MS,BR-419,84,85,1,"43,75"
MS,BR-419,85,86,1,"43,75"
MS,BR-419,86,87,1,"36,25"
MS,BR-419,87,88,1,"36,25"
MS,BR-419,88,89,1,"36,25"
MS,BR-419,89,90,1,"36,25"
MS,BR-419,90,91,1,"36,25"
MS,BR-419,91,92,1,"36,25"
MS,BR-419,92,93,1,"36,25"
MS,BR-419,93,94,1,"36,25"
MS,BR-419,94,95,1,"31,25"
MS,BR-419,95,96,1,"36,25"
MS,BR-419,96,97,1,"8,75"
MS,BR-419,97,98,1,25
MS,BR-419,98,99,1,"36,25"
MS,BR-419,99,100,1,10
MS,BR-419,100,101,1,"37,5"
MS,BR-419,101,102,1,"8,75"
MS,BR-419,102,103,1,"22,5"
MS,BR-419,103,104,1,"23,75"
MS,BR-419,104,105,1,"23,75"
MS,BR-419,105,106,1,"23,75"
MS,BR-419,106,107,1,"23,75"
MS,BR-419,107,108,1,25
MS,BR-419,108,109,1,10
MS,BR-419,109,110,1,25
MS,BR-419,110,111,1,25
MS,BR-419,111,112,1,25
MS,BR-419,112,113,1,25
MS,BR-419,113,114,1,"37,5"
MS,BR-419,114,115,1,25
MS,BR-419,115,116,1,"37,5"
MS,BR-419,116,117,1,"37,5"
MS,BR-419,117,118,1,25
MS,BR-419,118,119,1,25
MS,BR-419,119,120,1,"37,5"
MS,BR-419,120,121,1,25
MS,BR-419,121,122,1,"37,5"
MS,BR-419,122,123,1,25
MS,BR-419,123,124,1,25
MS,BR-419,124,125,1,25
MS,BR-419,125,126,1,25
MS,BR-419,126,127,1,25
MS,BR-419,127,128,1,"37,5"
MS,BR-419,128,129,1,"37,5"
MS,BR-419,129,130,1,"37,5"
MS,BR-419,130,131,1,"37,5"
MS,BR-419,131,132,1,"37,5"
MS,BR-419,132,133,1,"37,5"
MS,BR-419,133,134,1,25
MS,BR-419,134,135,1,25
MS,BR-419,135,136,1,"37,5"
MS,BR-419,136,137,1,25
MS,BR-419,137,138,1,25
MS,BR-419,138,139,1,25
MS,BR-419,139,140,1,"37,5"
MS,BR-419,140,141,1,"37,5"
MS,BR-419,141,142,1,"37,5"
MS,BR-419,142,143,1,"37,5"
MS,BR-419,143,144,1,"37,5"
MS,BR-419,144,145,1,"37,5"
MS,BR-419,145,146,1,"37,5"
MS,BR-419,146,147,1,"37,5"
MS,BR-419,147,148,1,"37,5"
MS,BR-419,148,149,1,"37,5"
MS,BR-419,149,150,1,"37,5"
MS,BR-419,150,151,1,45
MS,BR-419,151,152,1,"37,5"
MS,BR-419,152,153,1,"51,25"
MS,BR-419,153,154,1,"37,5"
MS,BR-419,154,155,1,"37,5"
MS,BR-419,155,156,1,45
MS,BR-419,156,157,1,45
MS,BR-419,157,158,1,"32,5"
MS,BR-419,158,159,1,"37,5"
MS,BR-419,159,160,1,"37,5"
MS,BR-419,160,161,1,"37,5"
MS,BR-419,161,162,1,45
MS,BR-419,162,163,1,25
MS,BR-419,163,164,1,"32,5"
MS,BR-419,164,165,1,"32,5"
MS,BR-419,165,166,1,"27,5"
MS,BR-419,166,167,1,"37,5"
MS,BR-419,167,168,1,"37,5"
MS,BR-419,168,169,1,25
MS,BR-419,169,170,1,40
MS,BR-419,170,171,1,25
MS,BR-419,171,172,1,25
MS,BR-419,172,173,1,"37,5"
MS,BR-419,173,174,1,10
MS,BR-419,174,175,1,"12,5"
MS,BR-419,175,176,1,10
MS,BR-419,176,177,1,10
MS,BR-419,177,178,1,"27,5"
MS,BR-419,178,179,1,"12,5"
MS,BR-419,179,180,1,25
MS,BR-419,180,181,1,"12,5"
MS,BR-419,181,182,1,10
MS,BR-419,182,183,1,10
MS,BR-419,183,184,1,"12,5"
MS,BR-419,184,185,1,"22,5"
MS,BR-419,185,186,1,"37,5"
MS,BR-419,186,187,1,10
MS,BR-419,187,188,1,"37,5"
MS,BR-419,188,189,1,25
MS,BR-419,189,190,1,45
MS,BR-419,190,191,1,"66,25"
MS,BR-419,191,192,1,"63,75"
MS,BR-419,192,193,1,"32,5"
MS,BR-419,193,194,1,10
MS,BR-419,194,195,1,25
MS,BR-419,195,196,1,10
MS,BR-419,196,197,1,"37,5"
MS,BR-419,197,198,1,25
MS,BR-419,198,199,1,25
MS,BR-419,199,200,1,25
MS,BR-419,200,201,1,25
MS,BR-419,201,202,1,25
MS,BR-419,202,203,1,"32,5"
MS,BR-419,203,204,1,"37,5"
MS,BR-419,204,205,1,45
MS,BR-419,205,206,1,40
MS,BR-419,206,207,1,"37,5"
MS,BR-419,207,208,1,"43,75"
MS,BR-419,208,209,1,"37,5"
MS,BR-419,209,210,1,40
MS,BR-419,210,211,1,40
MS,BR-419,211,212,1,40
MS,BR-419,212,213,1,"47,5"
MS,BR-419,213,214,1,25
MS,BR-419,214,215,1,"47,5"
MS,BR-419,215,216,1,"32,5"
MS,BR-419,216,217,1,"37,5"
MS,BR-419,217,218,1,"37,5"
BA,BR-135,"205,8",206,"0,2",20
BA,BR-135,206,207,1,40
BA,BR-135,207,208,1,"28,75"
BA,BR-135,208,209,1,35
BA,BR-135,209,210,1,"42,5"
BA,BR-135,210,211,1,"66,25"
BA,BR-135,211,212,1,"73,75"
BA,BR-135,212,213,1,"73,75"
BA,BR-135,213,214,1,"73,75"
BA,BR-135,214,215,1,"73,75"
BA,BR-135,215,216,1,"73,75"
BA,BR-135,216,217,1,"67,5"
BA,BR-135,217,218,1,"73,75"
BA,BR-135,218,219,1,"73,75"
BA,BR-135,219,220,1,"73,75"
BA,BR-135,220,221,1,"61,25"
BA,BR-135,221,222,1,"61,25"
BA,BR-135,222,223,1,"41,25"
BA,BR-135,223,224,1,"63,75"
BA,BR-135,224,225,1,"57,5"
BA,BR-135,225,226,1,"57,5"
BA,BR-135,226,227,1,"63,75"
BA,BR-135,227,228,1,"57,5"
BA,BR-135,"306,5",307,"0,5","2,5"
BA,BR-135,307,"307,1","0,1",15
BA,BR-135,"319,8",320,"0,2","33,75"
BA,BR-135,320,321,1,"61,25"
BA,BR-135,321,"321,2","0,2",40
BA,BR-135,"323,4",324,"0,6","47,5"
BA,BR-135,324,325,1,"72,5"
BA,BR-135,325,"325,3","0,3","66,25"
BA,BR-030,"281,7",280,"1,7",50
BA,BR-030,280,279,1,50
BA,BR-030,279,278,1,"57,5"
BA,BR-030,278,277,1,"66,25"
BA,BR-030,277,276,1,80
BA,BR-030,276,275,1,80
BA,BR-030,275,274,1,80
BA,BR-030,274,273,1,"73,75"
BA,BR-030,273,272,1,85
BA,BR-030,272,271,1,"58,75"
BA,BR-030,271,270,1,"82,5"
BA,BR-030,270,269,1,65
BA,BR-030,269,268,1,"47,5"
BA,BR-030,268,267,1,70
BA,BR-030,267,266,1,"61,25"
BA,BR-030,266,265,1,"78,75"
BA,BR-030,265,264,1,70
BA,BR-030,264,263,1,"63,75"
BA,BR-030,263,262,1,70
BA,BR-030,262,261,1,"51,25"
BA,BR-030,261,260,1,60
BA,BR-030,260,259,1,"53,75"
BA,BR-030,259,258,1,45
BA,BR-030,258,257,1,"67,5"
BA,BR-030,257,256,1,70
BA,BR-030,256,255,1,"71,25"
BA,BR-030,255,254,1,"61,25"
BA,BR-030,254,253,1,"57,5"
BA,BR-030,253,252,1,55
BA,BR-030,252,251,1,"62,5"
BA,BR-030,251,250,1,"62,5"
BA,BR-030,250,249,1,70
BA,BR-030,249,248,1,"77,5"
BA,BR-030,248,247,1,"72,5"
BA,BR-030,247,246,1,65
BA,BR-030,246,245,1,65
BA,BR-030,245,244,1,65
BA,BR-030,244,243,1,"61,25"
BA,BR-030,243,242,1,"61,25"
BA,BR-030,242,241,1,"73,75"
BA,BR-030,241,240,1,"62,5"
BA,BR-030,240,239,1,50
BA,BR-030,239,238,1,50
AM,BR-319,"513,8",512,"1,8",50
AM,BR-319,512,511,1,50
AM,BR-319,511,510,1,90
AM,BR-319,510,509,1,85
AM,BR-319,509,508,1,85
AM,BR-319,508,507,1,50
AM,BR-319,507,506,1,90
AM,BR-319,506,505,1,55
AM,BR-319,505,504,1,90
AM,BR-319,504,503,1,85
AM,BR-319,503,502,1,90
AM,BR-319,502,501,1,"92,5"
AM,BR-319,501,500,1,"92,5"
AM,BR-319,500,499,1,"87,5"
AM,BR-319,499,498,1,"87,5"
AM,BR-319,498,497,1,"87,5"
AM,BR-319,497,496,1,"87,5"
AM,BR-319,496,495,1,"87,5"
AM,BR-319,495,494,1,"87,5"
AM,BR-319,494,493,1,"87,5"
AM,BR-319,493,492,1,"87,5"
AM,BR-319,492,491,1,"87,5"
AM,BR-319,491,490,1,"87,5"
AM,BR-319,490,489,1,"87,5"
AM,BR-319,489,488,1,"87,5"
AM,BR-319,488,487,1,"87,5"
AM,BR-319,487,486,1,"87,5"
AM,BR-319,486,485,1,"87,5"
AM,BR-319,485,484,1,"87,5"
AM,BR-319,484,483,1,"87,5"
AM,BR-319,483,482,1,"87,5"
AM,BR-319,482,481,1,"87,5"
AM,BR-319,481,480,1,"87,5"
AM,BR-319,480,479,1,"87,5"
AM,BR-319,479,478,1,"87,5"
AM,BR-319,478,477,1,"92,5"
AM,BR-319,477,476,1,"87,5"
AM,BR-319,476,475,1,"87,5"
AM,BR-319,475,474,1,"87,5"
AM,BR-319,474,473,1,"52,5"
AM,BR-319,473,472,1,"87,5"
AM,BR-319,472,471,1,"87,5"
AM,BR-319,471,470,1,"87,5"
AM,BR-319,470,469,1,"87,5"
AM,BR-319,469,468,1,"87,5"
AM,BR-319,468,467,1,"87,5"
AM,BR-319,467,466,1,"87,5"
AM,BR-319,466,465,1,"87,5"
AM,BR-319,465,464,1,"87,5"
AM,BR-319,464,463,1,"92,5"
AM,BR-319,463,462,1,"92,5"
AM,BR-319,462,461,1,"87,5"
AM,BR-319,461,460,1,"87,5"
AM,BR-319,460,459,1,"87,5"
AM,BR-319,459,458,1,"87,5"
AM,BR-319,458,457,1,"87,5"
AM,BR-319,457,456,1,"87,5"
AM,BR-319,456,455,1,"87,5"
AM,BR-319,455,454,1,"87,5"
AM,BR-319,454,453,1,"87,5"
AM,BR-319,453,452,1,"87,5"
AM,BR-319,452,451,1,"87,5"
AM,BR-319,451,450,1,"87,5"
AM,BR-319,450,449,1,"92,5"
AM,BR-319,449,448,1,"87,5"
AM,BR-319,448,447,1,"87,5"
AM,BR-319,447,446,1,"87,5"
AM,BR-319,446,445,1,"87,5"
AM,BR-319,445,444,1,"87,5"
AM,BR-319,444,443,1,"87,5"
AM,BR-319,443,442,1,"87,5"
AM,BR-319,442,441,1,"87,5"
AM,BR-319,441,440,1,"87,5"
AM,BR-319,440,439,1,"87,5"
AM,BR-319,439,438,1,"87,5"
AM,BR-319,438,437,1,"87,5"
AM,BR-319,437,436,1,"87,5"
AM,BR-319,436,435,1,"87,5"
AM,BR-319,435,434,1,"87,5"
AM,BR-319,434,"433,1","0,9","87,5"
AM,BR-307,"1333,8",1334,"0,2","71,25"
AM,BR-307,1334,1335,1,"77,5"
AM,BR-307,1335,1336,1,"73,75"
AM,BR-307,1336,1337,1,"67,5"
AM,BR-307,1337,1338,1,"67,5"
AM,BR-307,1338,1339,1,"66,25"
AM,BR-307,1339,1340,1,"68,75"
AM,BR-307,1340,1341,1,"72,5"
AM,BR-307,1341,1342,1,"68,75"
AM,BR-307,1342,1343,1,"58,75"
AM,BR-307,1343,1344,1,"58,75"
AM,BR-307,1344,1345,1,"61,25"
AM,BR-307,1345,1346,1,"61,25"
AM,BR-307,1346,1347,1,"61,25"
AM,BR-307,1347,1348,1,"61,25"
AM,BR-307,1348,1349,1,"61,25"
AM,BR-307,1349,1350,1,60
AM,BR-307,1350,1351,1,"61,25"
AM,BR-307,1351,1352,1,"61,25"
AM,BR-307,1352,1353,1,"61,25"
AM,BR-307,1353,1354,1,"61,25"
AM,BR-307,1354,1355,1,"58,75"
AM,BR-307,1355,1356,1,"58,75"
AM,BR-307,1356,1357,1,"58,75"
AM,BR-307,1357,1358,1,"58,75"
AM,BR-307,1358,1359,1,60
AM,BR-307,1359,1360,1,"57,5"
AM,BR-307,1360,1361,1,"57,5"
AM,BR-307,1361,1362,1,"57,5"
AM,BR-307,1362,1363,1,"58,75"
AM,BR-307,1363,1364,1,"57,5"
AM,BR-307,1364,1365,1,60
AM,BR-307,1365,1366,1,"58,75"
AM,BR-307,1366,1367,1,"58,75"
AM,BR-307,1367,1368,1,"58,75"
AM,BR-307,1368,1369,1,"58,75"
AM,BR-307,1369,1370,1,"57,5"
AM,BR-307,1370,1371,1,"58,75"
AM,BR-307,1371,1372,1,"58,75"
AM,BR-307,1372,1373,1,"57,5"
AM,BR-307,1373,1374,1,"57,5"
AM,BR-307,1374,1375,1,"57,5"
AM,BR-307,1375,1376,1,"57,5"
AM,BR-307,1376,1377,1,"57,5"
AM,BR-307,1377,1378,1,"57,5"
AM,BR-307,1378,1379,1,"57,5"
AM,BR-307,1379,1380,1,"57,5"
AM,BR-307,1380,1381,1,"57,5"
AM,BR-307,1381,1382,1,"53,75"
AM,BR-307,1382,1383,1,"57,5"
AM,BR-307,1383,1384,1,"57,5"
AM,BR-307,1384,1385,1,"57,5"
AM,BR-307,1385,1386,1,"57,5"
AM,BR-307,1386,1387,1,"57,5"
AM,BR-307,1387,1388,1,"57,5"
AM,BR-307,1388,1389,1,"57,5"
AM,BR-307,1389,1390,1,"57,5"
AM,BR-307,1390,1391,1,"57,5"
AM,BR-307,1391,1392,1,"57,5"
AM,BR-307,1392,1393,1,"57,5"
AM,BR-307,1393,1394,1,"57,5"
AM,BR-307,1394,1395,1,"57,5"
AM,BR-307,1395,1396,1,"57,5"
AM,BR-307,1396,1397,1,"57,5"
AM,BR-307,1397,1398,1,"57,5"
AM,BR-307,1398,1399,1,"57,5"
AM,BR-307,1399,1400,1,"57,5"
AM,BR-307,1400,1401,1,"57,5"
AM,BR-307,1401,1402,1,"57,5"
AM,BR-307,1402,1403,1,"57,5"
AM,BR-307,1403,1404,1,"57,5"
AM,BR-307,1404,1405,1,"57,5"
AM,BR-307,1405,1406,1,50
AM,BR-307,1406,1407,1,50
AM,BR-307,1407,1408,1,50
AM,BR-307,1408,1409,1,50
AM,BR-307,1409,1410,1,50
AM,BR-307,1410,1411,1,50
AM,BR-307,1411,1412,1,50
AM,BR-307,1412,1413,1,50
AM,BR-307,1413,1414,1,"56,25"
AM,BR-307,1414,1415,1,"56,25"
AM,BR-307,1415,1416,1,"56,25"
AM,BR-307,1416,1417,1,"56,25"
AM,BR-307,1417,1418,1,"56,25"
AM,BR-307,1418,1419,1,"56,25"
PA,BR-230,"1161,6",1162,"0,4",50
PA,BR-230,1162,1163,1,"28,75"
PA,BR-230,1163,1164,1,"28,75"
PA,BR-230,1164,1165,1,50
PA,BR-230,1165,1166,1,"28,75"
PA,BR-230,1166,1167,1,35
PA,BR-230,1167,1168,1,"41,25"
PA,BR-230,1168,1169,1,50
PA,BR-230,1169,1170,1,"56,25"
PA,BR-230,1170,1171,1,"42,5"
PA,BR-230,1171,1172,1,"48,75"
PA,BR-230,1172,1173,1,50
PA,BR-230,1173,1174,1,"48,75"
PA,BR-230,1174,1175,1,"56,25"
PA,BR-230,1175,1176,1,"56,25"
PA,BR-230,1176,1177,1,35
PA,BR-230,1177,1178,1,35
PA,BR-230,1178,1179,1,"48,75"
PA,BR-230,1179,1180,1,50
PA,BR-230,1180,1181,1,"56,25"
PA,BR-230,1181,1182,1,35
PA,BR-230,1182,1183,1,"41,25"
PA,BR-230,1183,1184,1,"42,5"
PA,BR-230,1184,1185,1,"62,5"
PA,BR-230,1185,1186,1,55
PA,BR-230,1186,1187,1,"56,25"
PA,BR-230,1187,1188,1,"56,25"
PA,BR-230,1188,1189,1,"63,75"
PA,BR-230,1189,1190,1,55
PA,BR-230,1190,1191,1,50
PA,BR-230,1191,1192,1,"41,25"
PA,BR-230,1192,1193,1,50
PA,BR-230,1193,1194,1,"47,5"
PA,BR-230,1194,1195,1,55
PA,BR-230,1195,1196,1,70
PA,BR-230,1196,1197,1,"41,25"
PA,BR-230,1197,1198,1,"48,75"
PA,BR-230,1198,1199,1,"62,5"
PA,BR-230,1199,1200,1,"56,25"
PA,BR-230,1200,1201,1,"56,25"
PA,BR-230,1201,1202,1,"48,75"
PA,BR-230,1202,1203,1,70
PA,BR-230,1203,1204,1,"41,25"
PA,BR-230,1204,1205,1,"41,25"
PA,BR-230,1205,1206,1,"48,75"
PA,BR-230,1206,1207,1,"47,5"
PA,BR-230,1207,1208,1,70
PA,BR-230,1208,1209,1,"41,25"
PA,BR-230,1209,1210,1,35
PA,BR-230,1210,1211,1,"62,5"
PA,BR-230,1211,1212,1,45
PA,BR-230,1212,1213,1,60
PA,BR-230,1213,1214,1,"56,25"
PA,BR-230,1214,1215,1,70
PA,BR-230,1215,1216,1,"56,25"
PA,BR-230,1216,1217,1,"52,5"
PA,BR-230,1217,1218,1,35
PA,BR-230,1218,1219,1,70
PA,BR-230,1219,1220,1,"41,25"
PA,BR-230,1220,1221,1,"63,75"
PA,BR-230,1221,1222,1,55
PA,BR-230,1222,1223,1,70
PA,BR-230,1223,1224,1,"41,25"
PA,BR-230,1224,1225,1,"56,25"
PA,BR-230,1225,1226,1,"41,25"
PA,BR-230,1226,1227,1,55
PA,BR-230,1227,1228,1,35
PA,BR-230,1228,1229,1,"41,25"
PA,BR-230,1229,1230,1,"41,25"
PA,BR-230,1230,1231,1,"73,75"
PA,BR-230,1231,1232,1,40
PA,BR-230,1232,1233,1,40
PA,BR-230,1233,1234,1,"33,75"
PA,BR-230,1234,1235,1,"33,75"
PA,BR-230,1235,1236,1,40
PA,BR-230,1236,1237,1,"56,25"
PA,BR-230,1237,1238,1,"63,75"
PA,BR-230,1238,1239,1,"48,75"
PA,BR-230,1239,1240,1,"41,25"
PA,BR-230,1240,1241,1,70
PA,BR-230,1241,1242,1,"41,25"
PA,BR-230,1242,1243,1,"27,5"
PA,BR-230,1243,1244,1,35
PA,BR-230,1244,1245,1,35
PA,BR-230,1245,1246,1,"28,75"
PA,BR-230,1246,1247,1,"56,25"
PA,BR-230,1247,1248,1,55
PA,BR-230,1248,1249,1,"48,75"
PA,BR-230,1249,1250,1,"56,25"
PA,BR-230,1250,1251,1,55
PA,BR-230,1251,1252,1,40
PA,BR-230,1252,1253,1,"47,5"
PA,BR-230,1253,1254,1,"47,5"
PA,BR-230,1254,1255,1,35
PA,BR-230,1255,1256,1,"41,25"
PA,BR-230,1256,1257,1,"56,25"
PA,BR-230,1257,1258,1,35
PA,BR-230,1258,1259,1,55
PA,BR-230,1259,1260,1,45
PA,BR-230,1260,1261,1,"41,25"
PA,BR-230,1261,1262,1,"33,75"
PA,BR-230,1262,1263,1,"41,25"
PA,BR-230,1263,1264,1,50
PA,BR-230,1264,1265,1,"48,75"
PA,BR-230,1265,1266,1,35
PA,BR-230,1266,1267,1,55
PA,BR-230,1267,1268,1,40
PA,BR-230,1268,1269,1,"56,25"
PA,BR-230,1269,1270,1,"41,25"
PA,BR-230,1270,1271,1,"41,25"
PA,BR-230,1271,1272,1,"48,75"
PA,BR-230,1272,1273,1,55
PA,BR-230,1273,1274,1,50
PA,BR-230,1274,1275,1,"56,25"
PA,BR-230,1275,1276,1,"33,75"
PA,BR-230,1276,1277,1,"41,25"
PA,BR-230,1277,1278,1,55
PA,BR-230,1278,1279,1,50
PA,BR-230,1279,1280,1,70
PA,BR-230,1280,1281,1,"47,5"
PA,BR-230,1281,1282,1,"56,25"
PA,BR-230,1282,1283,1,"41,25"
PA,BR-230,1283,1284,1,"41,25"
PA,BR-230,1284,1285,1,"48,75"
PA,BR-230,1285,1286,1,"41,25"
PA,BR-230,1286,1287,1,"27,5"
PA,BR-230,1287,1288,1,"27,5"
PA,BR-230,1288,1289,1,"28,75"
PA,BR-230,1289,1290,1,70
PA,BR-230,1290,1291,1,"56,25"
PA,BR-230,1291,1292,1,"63,75"
PA,BR-230,1292,1293,1,"56,25"
PA,BR-230,1293,1294,1,"41,25"
PA,BR-230,1294,1295,1,"56,25"
PA,BR-230,"1294,5",1295,"0,5","56,25"
PA,BR-230,1295,1296,1,35
PA,BR-230,1296,1297,1,35
PA,BR-230,1297,1298,1,55
PA,BR-230,1298,1299,1,"47,5"
PA,BR-230,1299,1300,1,"56,25"
PA,BR-230,1300,1301,1,"33,75"
PA,BR-230,1301,1302,1,40
PA,BR-230,1302,1303,1,"33,75"
PA,BR-230,1303,1304,1,40
PA,BR-230,1304,1305,1,"48,75"
PA,BR-230,1305,1306,1,"46,25"
PA,BR-230,1306,1307,1,"41,25"
PA,BR-230,1307,1308,1,"48,75"
PA,BR-230,1308,1309,1,"41,25"
PA,BR-230,1309,1310,1,55
PA,BR-230,1310,1311,1,"52,5"
PA,BR-230,1311,1312,1,"56,25"
PA,BR-230,1312,1313,1,"62,5"
PA,BR-230,1313,1314,1,"33,75"
PA,BR-230,1314,1315,1,"27,5"
PA,BR-230,1315,1316,1,"27,5"
PA,BR-230,1316,1317,1,15
PA,BR-230,1317,1318,1,"2,5"
PA,BR-230,1318,1319,1,"7,5"
PA,BR-230,1319,1320,1,"7,5"
PA,BR-230,1320,1321,1,"27,5"
PA,BR-230,1321,1322,1,"27,5"
PA,BR-230,1322,1323,1,20
PA,BR-230,1323,1324,1,"28,75"
PA,BR-230,1324,1325,1,"28,75"
PA,BR-230,1325,1326,1,"23,75"
PA,BR-230,1326,1327,1,"27,5"
PA,BR-230,1327,1328,1,"21,25"
PA,BR-230,1328,1329,1,"21,25"
PA,BR-230,1329,1330,1,"21,25"
PA,BR-230,1330,1331,1,"28,75"
PA,BR-230,1331,1332,1,"23,75"
PA,BR-230,1332,1333,1,"21,25"
PA,BR-230,1333,1334,1,"21,25"
PA,BR-230,1334,1335,1,"28,75"
PA,BR-230,1335,1336,1,"21,25"
PA,BR-230,1336,1337,1,"28,75"
PA,BR-230,1337,1338,1,"28,75"
PA,BR-230,1338,1339,1,"28,75"
PA,BR-230,1339,1340,1,"28,75"
PA,BR-230,1340,1341,1,"28,75"
PA,BR-230,1341,1342,1,20
PA,BR-230,1342,1343,1,"28,75"
PA,BR-230,1343,1344,1,"27,5"
PA,BR-230,1344,1345,1,20
PA,BR-230,1345,1346,1,20
PA,BR-230,1346,1347,1,"33,75"
PA,BR-230,1347,1348,1,"27,5"
PA,BR-230,1348,1349,1,15
PA,BR-230,1349,1350,1,15
PA,BR-230,1350,1351,1,"27,5"
PA,BR-230,1351,1352,1,"27,5"
PA,BR-230,1352,1353,1,20
PA,BR-230,1353,1354,1,"28,75"
PA,BR-230,1354,1355,1,35
PA,BR-230,1355,1356,1,"28,75"
PA,BR-230,1356,1357,1,"27,5"
PA,BR-230,1357,1358,1,35
PA,BR-230,1358,1359,1,"28,75"
PA,BR-230,1359,1360,1,35
PA,BR-230,1360,1361,1,60
PA,BR-230,1361,1362,1,"56,25"
PA,BR-230,1362,1363,1,"56,25"
PA,BR-230,1363,1364,1,"62,5"
PA,BR-230,1364,1365,1,"41,25"
PA,BR-230,1365,1366,1,70
PA,BR-230,1366,1367,1,55
PA,BR-230,1367,1368,1,"41,25"
PA,BR-230,1368,1369,1,"41,25"
PA,BR-230,1369,1370,1,60
PA,BR-230,1370,1371,1,"56,25"
PA,BR-230,1371,1372,1,70
PA,BR-230,1372,1373,1,"41,25"
PA,BR-230,1373,1374,1,"63,75"
PA,BR-230,1374,1375,1,"56,25"
PA,BR-230,1375,1376,1,65
PA,BR-230,1376,1377,1,70
PA,BR-230,1377,1378,1,35
PA,BR-230,1378,1379,1,"33,75"
PA,BR-230,1379,1380,1,"27,5"
PA,BR-230,1380,1381,1,"28,75"
PA,BR-230,1381,1382,1,35
PA,BR-230,1382,1383,1,"21,25"
PA,BR-230,1383,1384,1,"21,25"
PA,BR-230,1384,1385,1,"28,75"
PA,BR-230,1385,1386,1,15
PA,BR-230,1386,1387,1,"28,75"
PA,BR-230,1387,1388,1,"28,75"
PA,BR-230,1388,1389,1,"23,75"
PA,BR-230,1389,1390,1,20
PA,BR-230,1390,1391,1,"27,5"
PA,BR-230,1391,1392,1,"28,75"
PA,BR-230,1392,1393,1,20
PA,BR-230,1393,1394,1,15
PA,BR-230,1394,1395,1,"27,5"
PA,BR-230,1395,1396,1,"27,5"
PA,BR-230,1396,1397,1,"27,5"
PA,BR-230,1397,1398,1,15
PA,BR-230,1398,1399,1,15
PA,BR-230,1399,1400,1,15
PA,BR-230,1400,1401,1,"27,5"
PA,BR-230,1401,1402,1,20
PA,BR-230,1402,1403,1,15
PA,BR-230,1403,1404,1,15
PA,BR-230,1404,1405,1,15
PA,BR-230,1405,1406,1,35
PA,BR-230,1406,1407,1,35
PA,BR-230,1407,1408,1,35
PA,BR-230,1408,1409,1,"41,25"
PA,BR-230,1409,1410,1,"41,25"
PA,BR-230,1410,1411,1,"41,25"
PA,BR-230,1411,1412,1,"41,25"
PA,BR-230,1412,1413,1,"41,25"
PA,BR-230,1413,1414,1,"56,25"
PA,BR-230,1414,1415,1,55
PA,BR-230,1415,1416,1,"71,25"
PA,BR-230,1416,1417,1,"56,25"
PA,BR-230,1417,1418,1,"63,75"
PA,BR-230,1418,1419,1,"48,75"
PA,BR-230,1419,1420,1,35
PA,BR-230,1420,1421,1,35
PA,BR-230,1421,1422,1,"41,25"
PA,BR-230,1422,1423,1,"56,25"
PA,BR-230,1423,1424,1,"56,25"
PA,BR-230,1424,1425,1,"56,25"
PA,BR-230,1425,1426,1,70
PA,BR-230,1426,1427,1,"56,25"
PA,BR-230,1427,1428,1,55
PA,BR-230,1428,1429,1,"56,25"
PA,BR-230,1429,1430,1,"41,25"
PA,BR-230,1430,1431,1,55
PA,BR-230,1431,1432,1,"56,25"
PA,BR-230,1432,1433,1,70
PA,BR-230,1433,1434,1,"56,25"
PA,BR-230,1434,1435,1,70
PA,BR-230,"1434,2",1435,"0,8",15
PA,BR-230,1435,1436,1,15
PA,BR-230,1436,1437,1,"27,5"
PA,BR-230,1437,1438,1,"27,5"
PA,BR-230,1438,1439,1,"27,5"
PA,BR-230,1439,1440,1,"28,75"
PA,BR-230,1440,1441,1,"28,75"
PA,BR-230,1441,1442,1,"28,75"
PA,BR-230,1442,1443,1,"28,75"
PA,BR-230,1443,1444,1,"28,75"
PA,BR-230,1444,1445,1,"27,5"
PA,BR-230,1445,1446,1,"27,5"
PA,BR-230,1446,1447,1,"27,5"
PA,BR-230,1447,1448,1,50
PA,BR-230,1448,1449,1,"42,5"
PA,BR-230,1449,1450,1,35
PA,BR-230,1450,1451,1,"48,75"
PA,BR-230,1451,1452,1,"41,25"
PA,BR-230,1452,1453,1,"48,75"
PA,BR-230,1453,1454,1,"41,25"
PA,BR-230,1454,1455,1,"62,5"
PA,BR-230,1455,1456,1,55
PA,BR-230,1456,1457,1,"53,75"
PA,BR-230,1457,1458,1,"47,5"
PA,BR-230,1458,1459,1,"41,25"
PA,BR-230,1459,1460,1,"47,5"
PA,BR-230,1460,1461,1,"47,5"
PA,BR-230,1461,1462,1,40
PA,BR-230,1462,1463,1,"47,5"
PA,BR-230,1463,1464,1,55
PA,BR-230,1464,1465,1,40
PA,BR-230,1465,1466,1,45
PA,BR-230,1466,1467,1,70
PA,BR-230,1467,1468,1,"48,75"
PA,BR-230,1468,1469,1,"41,25"
PA,BR-230,1469,1470,1,"56,25"
PA,BR-230,1470,1471,1,"62,5"
PA,BR-230,1471,1472,1,"51,25"
PA,BR-230,1472,1473,1,"62,5"
PA,BR-230,1473,1474,1,40
PA,BR-230,1474,1475,1,"53,75"
PA,BR-230,1475,1476,1,40
PA,BR-230,1476,1477,1,"47,5"
PA,BR-230,1477,1478,1,"48,75"
PA,BR-230,1478,1479,1,"56,25"
PA,BR-230,1479,1480,1,"53,75"
PA,BR-230,1480,1481,1,55
PA,BR-230,1481,1482,1,55
PA,BR-230,1482,1483,1,"47,5"
PA,BR-230,1483,1484,1,"41,25"
PA,BR-230,1484,1485,1,"41,25"
PA,BR-230,1485,1486,1,"61,25"
PA,BR-230,1486,1487,1,"73,75"
PA,BR-230,1487,1488,1,55
PA,BR-230,1488,1489,1,"33,75"
PA,BR-230,1489,1490,1,"33,75"
PA,BR-230,1490,1491,1,40
PA,BR-230,1491,1492,1,"41,25"
PA,BR-230,1492,1493,1,"41,25"
PA,BR-230,1493,1494,1,"56,25"
PA,BR-230,1494,1495,1,"41,25"
PA,BR-230,1495,1496,1,"33,75"
PA,BR-230,1496,1497,1,"33,75"
PA,BR-230,1497,1498,1,20
PA,BR-230,1498,1499,1,15
PA,BR-230,1499,1500,1,20
PA,BR-230,1500,1501,1,15
PA,BR-230,1501,1502,1,"27,5"
PA,BR-230,1502,1503,1,20
PA,BR-230,1503,1504,1,20
PA,BR-230,1504,1505,1,15
PA,BR-230,1505,1506,1,"27,5"
PA,BR-230,1506,1507,1,15
PA,BR-230,1507,1508,1,"27,5"
PA,BR-230,1508,1509,1,"27,5"
PA,BR-230,1509,1510,1,"28,75"
PA,BR-230,1510,1511,1,"28,75"
PA,BR-230,1511,1512,1,35
PA,BR-230,1512,1513,1,"33,75"
PA,BR-230,1513,1514,1,"36,25"
PA,BR-230,1514,1515,1,15
PA,BR-230,1515,1516,1,"27,5"
PA,BR-230,1516,1517,1,20
PA,BR-230,1517,1518,1,"26,25"
PA,BR-230,1518,1519,1,35
PA,BR-230,1519,1520,1,20
PA,BR-230,1520,1521,1,20
PA,BR-230,1521,1522,1,"33,75"
PA,BR-230,1522,1523,1,"27,5"
PA,BR-230,1523,1524,1,"27,5"
PA,BR-230,1524,1525,1,"27,5"
PA,BR-230,1525,1526,1,"27,5"
PA,BR-230,1526,1527,1,"28,75"
PA,BR-230,1527,1528,1,"28,75"
PA,BR-230,1528,1529,1,"28,75"
PA,BR-230,1529,1530,1,"28,75"
PA,BR-230,1530,1531,1,"28,75"
PA,BR-230,1531,1532,1,15
PA,BR-230,1532,1533,1,15
PA,BR-230,1533,1534,1,"22,5"
PA,BR-230,1534,1535,1,15
PA,BR-230,1535,1536,1,"28,75"
PA,BR-230,1536,1537,1,"28,75"
PA,BR-230,1537,1538,1,"28,75"
PA,BR-230,1538,1539,1,"27,5"
PA,BR-230,1539,1540,1,"42,5"
PA,BR-230,1540,1541,1,"42,5"
PA,BR-230,1541,1542,1,"42,5"
PA,BR-230,1542,1543,1,"41,25"
PA,BR-230,1543,1544,1,"56,25"
PA,BR-230,1544,1545,1,"41,25"
PA,BR-230,1545,1546,1,"56,25"
PA,BR-230,1546,1547,1,"63,75"
PA,BR-230,1547,1548,1,"63,75"
PA,BR-230,1548,1549,1,"43,75"
PA,BR-230,1549,1550,1,"56,25"
PA,BR-230,1550,1551,1,"41,25"
PA,BR-230,1551,1552,1,"63,75"
PA,BR-230,1552,1553,1,"56,25"
PA,BR-230,1553,1554,1,"41,25"
PA,BR-230,1554,1555,1,70
PA,BR-230,1555,1556,1,70
PA,BR-230,1556,1557,1,"41,25"
PA,BR-230,1557,1558,1,"41,25"
PA,BR-230,1558,1559,1,"56,25"
PA,BR-230,1559,1560,1,"62,5"
PA,BR-230,1560,1561,1,"47,5"
PA,BR-230,1561,1562,1,"62,5"
PA,BR-230,1562,1563,1,55
PA,BR-230,1563,1564,1,"62,5"
PA,BR-230,1564,1565,1,55
PA,BR-230,1565,1566,1,40
PA,BR-230,1566,1567,1,"41,25"
PA,BR-230,1567,1568,1,"56,25"
PA,BR-230,1568,1569,1,"27,5"
PA,BR-230,1569,1570,1,55
PA,BR-230,1570,1571,1,"41,25"
PA,BR-230,1571,1572,1,35
PA,BR-230,1572,1573,1,"48,75"
PA,BR-230,1573,1574,1,"41,25"
PA,BR-230,1574,1575,1,35
PA,BR-230,1575,1576,1,"48,75"
PA,BR-230,1576,1577,1,"41,25"
PA,BR-230,1577,1578,1,"33,75"
PA,BR-230,1578,1579,1,"33,75"
PA,BR-230,1579,1580,1,"48,75"
PA,BR-230,1580,1581,1,"48,75"
PA,BR-230,1581,1582,1,"41,25"
PA,BR-230,1582,1583,1,"56,25"
PA,BR-230,1583,1584,1,"47,5"
PA,BR-230,1584,1585,1,"52,5"
PA,BR-230,1585,1586,1,40
PA,BR-230,1586,1587,1,40
PA,BR-230,1587,1588,1,50
PA,BR-230,1588,1589,1,"48,75"
PA,BR-230,1589,1590,1,"33,75"
PA,BR-230,1590,1591,1,55
PA,BR-230,1591,1592,1,"47,5"
PA,BR-230,1592,1593,1,"58,75"
PA,BR-230,1593,1594,1,"41,25"
PA,BR-230,1594,1595,1,"47,5"
PA,BR-230,1595,1596,1,"33,75"
PA,BR-230,1596,1597,1,"33,75"
AP,BR-210,"106,2",107,"0,8","52,5"
AP,BR-210,107,108,1,"43,75"
AP,BR-210,108,109,1,"73,75"
AP,BR-210,109,110,1,"67,5"
AP,BR-210,110,111,1,"67,5"
AP,BR-210,111,112,1,"71,25"
AP,BR-210,112,113,1,45
AP,BR-210,113,114,1,"73,75"
AP,BR-210,114,115,1,"52,5"
AP,BR-210,115,116,1,45
AP,BR-210,116,117,1,"22,5"
AP,BR-210,117,118,1,"31,25"
AP,BR-210,118,119,1,"26,25"
AP,BR-210,119,120,1,"22,5"
AP,BR-210,120,121,1,"22,5"
AP,BR-210,121,122,1,"22,5"
AP,BR-210,122,123,1,"22,5"
AP,BR-210,123,124,1,"22,5"
AP,BR-210,124,125,1,"27,5"
AP,BR-210,125,126,1,"26,25"
AP,BR-210,126,127,1,"26,25"
AP,BR-210,127,128,1,"22,5"
AP,BR-210,128,129,1,"22,5"
AP,BR-210,129,130,1,"22,5"
AP,BR-210,130,131,1,"22,5"
AP,BR-210,131,132,1,30
AP,BR-210,132,133,1,"22,5"
AP,BR-210,133,134,1,"22,5"
AP,BR-210,134,135,1,"22,5"
AP,BR-210,135,136,1,"22,5"
AP,BR-210,136,137,1,"36,25"
AP,BR-210,137,138,1,"26,25"
AP,BR-210,138,139,1,"26,25"
AP,BR-210,139,140,1,"26,25"
AP,BR-210,140,141,1,"26,25"
AP,BR-210,141,142,1,30
AP,BR-210,142,143,1,30
AP,BR-210,143,144,1,"26,25"
AP,BR-210,144,145,1,25
AP,BR-210,145,146,1,25
AP,BR-210,146,147,1,"32,5"
AP,BR-210,147,148,1,30
AP,BR-210,148,149,1,30
AP,BR-210,149,150,1,"26,25"
AP,BR-210,150,151,1,"26,25"
AP,BR-210,151,152,1,25
AP,BR-210,152,153,1,25
AP,BR-210,153,154,1,25
AP,BR-210,154,155,1,25
AP,BR-210,155,156,1,25
AP,BR-210,156,157,1,"11,25"
AP,BR-210,157,158,1,"26,25"
AP,BR-210,158,159,1,"11,25"
AP,BR-210,159,160,1,"26,25"
AP,BR-210,160,161,1,"3,75"
AP,BR-210,161,162,1,"11,25"
AP,BR-210,162,163,1,"26,25"
AP,BR-210,163,164,1,"17,5"
AP,BR-210,164,165,1,"2,5"
AP,BR-210,165,166,1,45
AP,BR-210,166,167,1,"48,75"
AP,BR-210,167,168,1,"48,75"
AP,BR-210,168,169,1,"56,25"
AP,BR-210,169,170,1,"56,25"
AP,BR-210,170,171,1,"56,25"
AP,BR-210,171,172,1,70
AP,BR-210,172,173,1,45
AP,BR-210,173,174,1,"61,25"
AP,BR-210,174,175,1,"26,25"
AP,BR-210,175,176,1,"37,5"
AP,BR-210,176,177,1,"38,75"
AP,BR-210,177,178,1,"37,5"
AP,BR-210,178,179,1,"61,25"
AP,BR-210,179,180,1,25
AP,BR-210,180,181,1,30
AP,BR-210,181,182,1,30
AP,BR-210,182,183,1,30
AP,BR-210,183,184,1,"26,25"
AP,BR-210,184,185,1,30
AP,BR-210,185,186,1,30
AP,BR-210,186,187,1,"26,25"
AP,BR-210,187,188,1,"26,25"
AP,BR-210,188,189,1,"36,25"
AP,BR-210,189,190,1,"26,25"
AP,BR-210,190,191,1,"36,25"
AP,BR-210,191,192,1,30
AP,BR-210,192,193,1,"37,5"
AP,BR-210,193,194,1,"26,25"
AP,BR-210,194,195,1,"26,25"
AP,BR-210,195,196,1,"27,5"
AP,BR-210,196,197,1,"27,5"
AP,BR-210,197,198,1,"27,5"
AP,BR-210,198,199,1,35
AP,BR-210,199,200,1,35
AP,BR-210,200,201,1,"27,5"
AP,BR-210,201,202,1,"27,5"
AP,BR-210,202,203,1,"27,5"
AP,BR-210,203,204,1,"27,5"
AP,BR-210,204,205,1,"27,5"
AP,BR-210,205,206,1,"27,5"
AP,BR-210,206,207,1,"27,5"
AP,BR-210,207,208,1,"27,5"
AP,BR-210,208,209,1,"27,5"
AP,BR-210,209,210,1,40
AP,BR-210,210,211,1,25
AP,BR-210,211,212,1,25
AP,BR-210,212,213,1,25
AP,BR-210,213,214,1,25
AP,BR-210,214,215,1,25
AP,BR-210,215,216,1,25
AP,BR-210,216,217,1,25
AP,BR-210,217,218,1,25
AP,BR-210,218,219,1,25
AP,BR-210,219,220,1,25
AP,BR-210,220,221,1,25
AP,BR-210,221,222,1,25
AP,BR-210,222,223,1,25
AP,BR-210,223,224,1,"43,75"
AP,BR-210,224,225,1,25
AP,BR-210,225,226,1,25
AP,BR-210,226,227,1,25
AP,BR-210,227,228,1,25
AP,BR-210,228,229,1,25
AP,BR-210,229,230,1,25
AP,BR-210,230,231,1,25
AP,BR-210,231,232,1,25
AP,BR-210,232,233,1,25
AP,BR-210,233,234,1,25
AP,BR-210,234,235,1,25
AP,BR-210,235,236,1,25
AP,BR-210,236,237,1,25
AP,BR-210,237,238,1,25
AP,BR-210,238,239,1,30
AP,BR-210,239,240,1,25
AP,BR-210,240,241,1,"22,5"
AP,BR-210,241,242,1,"22,5"
AP,BR-210,242,243,1,"22,5"
AP,BR-210,243,244,1,"22,5"
AP,BR-210,244,245,1,"22,5"
AP,BR-210,245,246,1,"22,5"
AP,BR-210,246,247,1,35
AP,BR-210,247,248,1,"22,5"
AP,BR-210,248,249,1,"22,5"
AP,BR-210,249,250,1,"22,5"
AP,BR-210,250,251,1,"22,5"
AP,BR-210,251,252,1,"22,5"
AP,BR-210,252,253,1,"22,5"
AP,BR-210,253,254,1,"22,5"
AP,BR-210,254,255,1,"22,5"
AP,BR-210,255,256,1,"22,5"
AP,BR-210,256,257,1,"22,5"
AP,BR-210,257,258,1,30
AP,BR-210,258,259,1,30
AP,BR-210,259,260,1,"22,5"
AP,BR-210,260,261,1,"22,5"
PE,BR-110,148,149,1,"58,75"
PE,BR-110,149,150,1,"58,75"
PE,BR-110,150,151,1,"32,5"
PE,BR-110,151,152,1,"33,75"
PE,BR-110,152,153,1,"33,75"
PE,BR-110,153,154,1,25
PE,BR-110,154,155,1,"26,25"
PE,BR-110,155,156,1,"32,5"
PE,BR-110,156,157,1,"32,5"
PE,BR-110,157,158,1,"32,5"
PE,BR-110,158,159,1,"32,5"
PE,BR-110,159,160,1,"32,5"
PE,BR-110,160,161,1,"32,5"
PE,BR-110,161,162,1,"32,5"
PE,BR-110,162,163,1,"32,5"
PE,BR-110,163,164,1,30
PE,BR-110,164,165,1,30
PE,BR-110,165,166,1,"32,5"
PE,BR-110,166,167,1,"68,75"
PE,BR-110,167,168,1,"43,75"
PE,BR-110,168,169,1,"43,75"
PE,BR-110,169,170,1,"43,75"
PE,BR-110,170,171,1,"43,75"
PE,BR-110,171,172,1,"43,75"
PE,BR-110,172,173,1,"43,75"
PE,BR-110,173,174,1,"43,75"
PE,BR-110,174,175,1,"32,5"
PE,BR-110,175,176,1,40
PE,BR-110,176,177,1,"32,5"
PE,BR-110,177,178,1,"47,5"
PE,BR-110,178,179,1,"47,5"
PE,BR-110,179,180,1,"43,75"
PE,BR-110,180,181,1,45
PE,BR-110,181,182,1,30
PE,BR-110,182,183,1,30
PE,BR-110,183,184,1,"32,5"
PE,BR-110,184,185,1,15
PE,BR-110,185,186,1,"17,5"
PE,BR-110,186,187,1,25
PE,BR-110,187,188,1,25
PE,BR-110,188,189,1,25
PE,BR-110,189,190,1,25
PE,BR-110,190,191,1,"17,5"
PE,BR-110,191,192,1,25
PE,BR-110,192,193,1,25
PE,BR-110,193,194,1,25
PE,BR-110,194,195,1,25
PE,BR-110,195,196,1,"17,5"
PE,BR-110,196,197,1,"17,5"
PE,BR-110,197,198,1,"17,5"
PE,BR-110,198,199,1,"17,5"
PE,BR-110,199,200,1,"17,5"
PE,BR-110,200,201,1,"17,5"
PE,BR-110,201,202,1,"17,5"
PE,BR-110,202,203,1,"17,5"
PE,BR-110,203,204,1,"17,5"
PE,BR-110,204,205,1,"17,5"
PE,BR-110,205,206,1,"17,5"
PE,BR-110,206,207,1,"17,5"
PE,BR-110,207,208,1,"17,5"
PE,BR-110,208,209,1,"2,5"
PE,BR-110,209,210,1,"2,5"
PE,BR-110,210,211,1,"17,5"
PE,BR-110,211,212,1,"17,5"
PE,BR-110,212,213,1,"17,5"
PE,BR-110,213,214,1,"17,5"
PE,BR-110,214,215,1,"17,5"
PE,BR-110,215,216,1,"17,5"
PE,BR-110,216,217,1,25
PE,BR-110,217,218,1,"17,5"
PE,BR-110,218,219,1,"17,5"
PE,BR-110,219,"219,6","0,6","17,5"
PE,BR-316,"410,9",411,"0,1","17,5"
PE,BR-316,411,412,1,15
PE,BR-316,412,413,1,"17,5"
PE,BR-316,413,414,1,"17,5"
PE,BR-316,414,415,1,"17,5"
PE,BR-316,415,416,1,"37,5"
PE,BR-316,416,417,1,25
PE,BR-316,417,418,1,25
PE,BR-316,418,419,1,"32,5"
PE,BR-316,419,420,1,25
PE,BR-316,420,421,1,45
PE,BR-316,421,422,1,25
PE,BR-316,422,423,1,25
PE,BR-316,423,424,1,"41,25"
PE,BR-316,424,425,1,40
PE,BR-316,425,426,1,30
PE,BR-316,426,427,1,"22,5"
PE,BR-316,427,428,1,"37,5"
PE,BR-316,428,429,1,30
PE,BR-316,429,430,1,30
PE,BR-316,430,431,1,"22,5"
PE,BR-316,431,432,1,25
PE,BR-316,432,433,1,"22,5"
PE,BR-316,433,434,1,"22,5"
PE,BR-316,434,"434,7","0,7","22,5"
AM,BR-230,"609,2",608,"1,2","88,75"
AM,BR-230,608,607,1,"86,25"
AM,BR-230,607,606,1,"93,75"
AM,BR-230,606,605,1,"82,5"
AM,BR-230,605,604,1,85
AM,BR-230,604,603,1,"86,25"
AM,BR-230,603,602,1,"88,75"
AM,BR-230,602,601,1,"88,75"
AM,BR-230,601,600,1,"88,75"
AM,BR-230,600,599,1,"88,75"
AM,BR-230,599,598,1,"81,25"
AM,BR-230,598,597,1,85
AM,BR-230,597,596,1,"77,5"
AM,BR-230,596,595,1,"77,5"
AM,BR-230,595,594,1,"77,5"
AM,BR-230,594,593,1,"77,5"
AM,BR-230,593,592,1,"77,5"
AM,BR-230,592,591,1,"77,5"
AM,BR-230,591,590,1,"77,5"
AM,BR-230,590,589,1,"77,5"
AM,BR-230,589,588,1,"77,5"
AM,BR-230,588,587,1,75
AM,BR-230,587,586,1,"77,5"
AM,BR-230,586,585,1,75
AM,BR-230,585,584,1,75
AM,BR-230,584,583,1,75
AM,BR-230,583,582,1,75
AM,BR-230,582,581,1,75
AM,BR-230,581,580,1,"77,5"
AM,BR-230,580,579,1,75
AM,BR-230,579,578,1,"77,5"
AM,BR-230,578,577,1,"77,5"
AM,BR-230,577,576,1,"77,5"
AM,BR-230,576,575,1,"77,5"
AM,BR-230,575,574,1,"77,5"
AM,BR-230,574,573,1,"77,5"
AM,BR-230,573,572,1,"81,25"
AM,BR-230,572,571,1,75
AM,BR-230,571,570,1,"77,5"
AM,BR-230,570,569,1,75
AM,BR-230,569,568,1,75
AM,BR-230,568,567,1,"81,25"
AM,BR-230,567,566,1,"78,75"
AM,BR-230,566,565,1,"77,5"
AM,BR-230,565,564,1,75
AM,BR-230,564,563,1,"77,5"
AM,BR-230,563,562,1,75
AM,BR-230,562,561,1,"78,75"
AM,BR-230,561,560,1,"77,5"
AM,BR-230,560,559,1,75
AM,BR-230,559,558,1,"77,5"
AM,BR-230,558,557,1,75
AM,BR-230,557,556,1,"77,5"
AM,BR-230,556,555,1,75
AM,BR-230,555,554,1,"77,5"
AM,BR-230,554,553,1,"77,5"
AM,BR-230,553,552,1,75
AM,BR-230,552,551,1,75
AM,BR-230,551,550,1,"77,5"
AM,BR-230,550,549,1,75
AM,BR-230,549,548,1,"77,5"
AM,BR-230,548,547,1,75
AM,BR-230,547,546,1,75
AM,BR-230,546,545,1,75
AM,BR-230,545,544,1,75
AM,BR-230,544,543,1,75
AM,BR-230,543,542,1,75
AM,BR-230,542,541,1,"77,5"
AM,BR-230,541,540,1,75
AM,BR-230,540,539,1,"77,5"
AM,BR-230,539,538,1,"77,5"
AM,BR-230,538,537,1,85
AM,BR-230,537,536,1,75
AM,BR-230,536,535,1,"77,5"
AM,BR-230,535,534,1,85
AM,BR-230,534,533,1,"77,5"
AM,BR-230,533,532,1,"88,75"
AM,BR-230,532,531,1,"77,5"
AM,BR-230,531,530,1,"88,75"
AM,BR-230,530,529,1,"88,75"
AM,BR-230,529,528,1,"88,75"
AM,BR-230,528,527,1,"78,75"
AM,BR-230,527,526,1,"88,75"
AM,BR-230,526,525,1,"78,75"
AM,BR-230,525,524,1,"77,5"
AM,BR-230,524,523,1,"77,5"
AM,BR-230,523,522,1,"77,5"
AM,BR-230,522,521,1,75
AM,BR-230,521,520,1,75
AM,BR-230,520,519,1,75
AM,BR-230,519,518,1,75
AM,BR-230,518,517,1,"62,5"
AM,BR-230,517,"516,3","0,7",50
AM,BR-230,"516,3",515,"1,3","82,5"
AM,BR-230,515,514,1,"77,5"
AM,BR-230,514,513,1,75
AM,BR-230,513,512,1,75
AM,BR-230,512,511,1,75
AM,BR-230,511,510,1,"81,25"
AM,BR-230,510,509,1,"78,75"
AM,BR-230,509,508,1,75
AM,BR-230,508,507,1,"81,25"
AM,BR-230,507,506,1,"77,5"
AM,BR-230,506,505,1,"77,5"
AM,BR-230,505,504,1,"77,5"
AM,BR-230,504,503,1,75
AM,BR-230,503,502,1,75
AM,BR-230,502,501,1,"77,5"
AM,BR-230,501,500,1,75
AM,BR-230,500,499,1,"77,5"
AM,BR-230,499,498,1,75
AM,BR-230,498,497,1,"77,5"
AM,BR-230,497,496,1,"77,5"
AM,BR-230,496,495,1,"77,5"
AM,BR-230,495,494,1,"77,5"
AM,BR-230,494,493,1,85
AM,BR-230,493,492,1,"77,5"
AM,BR-230,492,491,1,"77,5"
AM,BR-230,491,490,1,"77,5"
AM,BR-230,490,489,1,"81,25"
AM,BR-230,489,488,1,"77,5"
AM,BR-230,488,487,1,"88,75"
AM,BR-230,487,486,1,"77,5"
AM,BR-230,486,485,1,"77,5"
AM,BR-230,485,484,1,"86,25"
AM,BR-230,484,483,1,75
AM,BR-230,483,482,1,75
AM,BR-230,482,481,1,80
AM,BR-230,481,480,1,85
AM,BR-230,480,479,1,"77,5"
AM,BR-230,479,478,1,100
AM,BR-230,478,477,1,"88,75"
AM,BR-230,477,476,1,"88,75"
AM,BR-230,476,475,1,"77,5"
AM,BR-230,475,474,1,"88,75"
AM,BR-230,474,473,1,85
AM,BR-230,473,472,1,"82,5"
AM,BR-230,472,471,1,"86,25"
AM,BR-230,471,470,1,"88,75"
AM,BR-230,470,469,1,"92,5"
AM,BR-230,469,468,1,"82,5"
AM,BR-230,468,467,1,85
AM,BR-230,467,466,1,75
AM,BR-230,466,465,1,85
AM,BR-230,465,464,1,"82,5"
AM,BR-230,464,463,1,75
AM,BR-230,463,462,1,75
AM,BR-230,462,461,1,85
AM,BR-230,461,460,1,"77,5"
AM,BR-230,460,459,1,"77,5"
AM,BR-230,459,458,1,75
AM,BR-230,458,457,1,"77,5"
AM,BR-230,457,456,1,75
AM,BR-230,456,455,1,75
AM,BR-230,455,454,1,75
AM,BR-230,454,453,1,75
AM,BR-230,453,452,1,75
AM,BR-230,452,451,1,"78,75"
AM,BR-230,451,450,1,75
AM,BR-230,450,449,1,75
AM,BR-230,449,448,1,75
AM,BR-230,448,447,1,75
AM,BR-230,447,446,1,75
AM,BR-230,446,445,1,75
AM,BR-230,445,444,1,75
AM,BR-230,444,443,1,75
AM,BR-230,443,442,1,75
AM,BR-230,442,441,1,75
AM,BR-230,441,440,1,75
AM,BR-230,440,439,1,75
AM,BR-230,439,438,1,75
AM,BR-230,438,437,1,75
AM,BR-230,437,436,1,90
AM,BR-230,436,435,1,"88,75"
AM,BR-230,435,434,1,75
AM,BR-230,434,433,1,"82,5"
AM,BR-230,433,432,1,75
AM,BR-230,432,431,1,"82,5"
AM,BR-230,431,430,1,75
AM,BR-230,430,429,1,75
AM,BR-230,429,428,1,"82,5"
AM,BR-230,428,427,1,75
AM,BR-230,427,426,1,"68,75"
AM,BR-230,426,425,1,75
AM,BR-230,425,424,1,"77,5"
AM,BR-230,424,423,1,"77,5"
AM,BR-230,423,422,1,"77,5"
AM,BR-230,422,421,1,75
AM,BR-230,421,420,1,75
AM,BR-230,420,419,1,"71,25"
AM,BR-230,419,418,1,"71,25"
AM,BR-230,418,417,1,"71,25"
AM,BR-230,417,416,1,"71,25"
AM,BR-230,416,415,1,"68,75"
AM,BR-230,415,414,1,"71,25"
AM,BR-230,414,413,1,"71,25"
AM,BR-230,413,412,1,"71,25"
AM,BR-230,412,411,1,65
AM,BR-230,411,410,1,"71,25"
AM,BR-230,410,409,1,"71,25"
AM,BR-230,409,408,1,"71,25"
AM,BR-230,408,407,1,"71,25"
AM,BR-230,407,406,1,"56,25"
AM,BR-230,406,405,1,"71,25"
AM,BR-230,405,404,1,"71,25"
AM,BR-230,404,403,1,"73,75"
AM,BR-230,403,402,1,"62,5"
AM,BR-230,402,401,1,"68,75"
AM,BR-230,401,"400,6","0,4","68,75"
AL,BR-416,"29,6",28,"1,6",80
AL,BR-416,28,27,1,95
AL,BR-416,27,26,1,"98,75"
AL,BR-416,26,25,1,95